Timestamp,Position_X_m,Position_Y_m,Position_Z_m,Breite_m,Hoehe_m,Tiefe_m,Confidence
2026-02-02 23:46:32.847,1.7652,-0.5194,0.4675,0.2228,0.3704,0.3742,3
2026-02-02 23:46:33.054,1.0993,-0.2219,0.2975,0.2995,0.4320,0.6679,5
2026-02-02 23:46:33.271,1.0993,-0.2226,0.2975,0.3466,0.4611,0.8250,7
2026-02-02 23:46:33.428,1.8353,0.0874,0.3125,0.2270,0.4928,0.4664,11
2026-02-02 23:46:33.671,1.0993,-0.2326,0.2975,0.3284,0.5220,0.8060,12
2026-02-02 23:46:33.872,1.0993,-0.2297,0.2975,0.3618,0.5262,0.8927,14
2026-02-02 23:46:34.061,1.0993,-0.2547,0.2975,0.4107,0.5454,1.1044,15
2026-02-02 23:46:34.254,1.0993,-0.2547,0.2975,0.4450,0.5587,1.2526,16
2026-02-02 23:46:34.526,1.0993,-0.2497,0.2975,0.4050,0.5253,1.1124,18
2026-02-02 23:46:34.712,1.0993,-0.2522,0.2975,0.3838,0.5090,1.0436,20
2026-02-02 23:46:34.921,1.0993,-0.2397,0.2975,0.3810,0.5020,1.0100,22
2026-02-02 23:46:35.128,1.0993,-0.2422,0.2525,0.3821,0.4338,0.9935,24
2026-02-02 23:46:35.321,1.0993,-0.2422,0.2525,0.3464,0.3957,0.8493,27
2026-02-02 23:46:35.535,1.0993,-0.2472,0.2975,0.3333,0.4096,0.7999,30
2026-02-02 23:46:35.536,1.8527,0.2103,0.1725,0.0950,0.3516,0.0357,3
2026-02-02 23:46:35.735,1.0993,-0.2472,0.2975,0.3558,0.4166,0.8905,32
2026-02-02 23:46:35.735,1.8576,0.2153,0.4575,0.0930,0.3184,0.0422,5
2026-02-02 23:46:35.931,1.0993,-0.2547,0.2525,0.3623,0.3930,0.9349,34
2026-02-02 23:46:35.931,1.8552,0.2153,0.4575,0.0921,0.3000,0.0469,7
2026-02-02 23:46:36.149,1.0993,-0.2547,0.2975,0.3655,0.4084,0.9567,36
2026-02-02 23:46:36.149,1.8576,0.2153,0.4600,0.0916,0.2895,0.0478,9
2026-02-02 23:46:36.332,1.0993,-0.2547,0.2975,0.3681,0.4359,0.9674,38
2026-02-02 23:46:36.332,1.8525,0.2078,0.1675,0.0941,0.2927,0.0478,10
2026-02-02 23:46:36.541,1.0993,-0.2472,0.2975,0.3679,0.4368,0.9726,40
2026-02-02 23:46:36.541,1.8580,0.2178,0.4600,0.0890,0.2859,0.0480,12
2026-02-02 23:46:36.733,1.0993,-0.2497,0.2975,0.3693,0.4372,0.9751,42
2026-02-02 23:46:36.733,1.8552,0.2178,0.4575,0.0844,0.2851,0.0498,14
2026-02-02 23:46:36.951,1.0993,-0.2447,0.2750,0.4130,0.4696,1.1622,43
2026-02-02 23:46:36.951,1.8525,0.2178,0.1675,0.0832,0.2894,0.0501,16
2026-02-02 23:46:37.151,1.0993,-0.2447,0.2750,0.4436,0.4922,1.2931,44
2026-02-02 23:46:37.152,1.8525,0.2178,0.1675,0.0832,0.2894,0.0501,16
2026-02-02 23:46:37.348,1.0993,-0.2447,0.2750,0.4650,0.5080,1.3847,45
2026-02-02 23:46:37.349,1.8525,0.2178,0.1675,0.0832,0.2894,0.0501,16
2026-02-02 23:46:37.541,1.0993,-0.2447,0.2500,0.4800,0.5041,1.4489,46
2026-02-02 23:46:37.541,1.8525,0.2178,0.1675,0.0832,0.2894,0.0501,16
2026-02-02 23:46:37.765,1.0993,-0.2447,0.2500,0.4905,0.5014,1.4938,47
2026-02-02 23:46:37.765,1.8525,0.2178,0.1675,0.0832,0.2894,0.0501,16
2026-02-02 23:46:37.989,1.0993,-0.2422,0.2525,0.4994,0.5010,1.5252,48
2026-02-02 23:46:37.989,1.8525,0.2178,0.1675,0.0832,0.2894,0.0501,16
2026-02-02 23:46:38.177,1.0955,-0.2397,0.2500,0.5040,0.4992,1.5450,49
2026-02-02 23:46:38.177,1.8604,0.1928,0.4750,0.0913,0.2731,0.0520,17
2026-02-02 23:46:38.389,1.0955,-0.2422,0.2500,0.5058,0.4979,1.5588,50
2026-02-02 23:46:38.389,1.8588,0.1928,0.3050,0.0969,0.3637,0.0542,18
2026-02-02 23:46:38.563,1.0955,-0.2397,0.2500,0.5086,0.4970,1.5685,51
2026-02-02 23:46:38.564,1.8588,0.1953,0.3050,0.0993,0.4271,0.0558,19
2026-02-02 23:46:38.774,1.0955,-0.2447,0.2500,0.5135,0.4964,1.5753,52
2026-02-02 23:46:38.774,1.8588,0.1953,0.3050,0.1010,0.4714,0.0569,20
2026-02-02 23:46:38.970,1.0955,-0.2397,0.2500,0.5140,0.4960,1.5800,53
2026-02-02 23:46:38.971,1.8588,0.1953,0.3050,0.1022,0.5025,0.0577,21
2026-02-02 23:46:39.201,1.0955,-0.2456,0.2500,0.5173,0.4957,1.5833,54
2026-02-02 23:46:39.201,1.8588,0.1953,0.3050,0.1022,0.5025,0.0577,21
2026-02-02 23:46:39.395,1.0967,-0.2456,0.2500,0.5196,0.4955,1.5864,55
2026-02-02 23:46:39.396,1.8588,0.1953,0.3050,0.1022,0.5025,0.0577,21
2026-02-02 23:46:39.604,1.0967,-0.2456,0.2500,0.5212,0.4953,1.5885,56
2026-02-02 23:46:39.604,1.8588,0.1953,0.3050,0.1022,0.5025,0.0577,21
2026-02-02 23:46:39.788,1.0967,-0.2456,0.2500,0.5223,0.4952,1.5900,57
2026-02-02 23:46:39.789,1.8588,0.1953,0.3050,0.1022,0.5025,0.0577,21
2026-02-02 23:46:39.999,1.0995,-0.2481,0.2475,0.5246,0.4937,1.5927,58
2026-02-02 23:46:39.999,1.8588,0.1953,0.3050,0.1022,0.5025,0.0577,21
2026-02-02 23:46:40.200,1.0995,-0.2506,0.2500,0.5248,0.4941,1.5946,59
2026-02-02 23:46:40.200,1.8588,0.1953,0.3050,0.1022,0.5025,0.0577,21
2026-02-02 23:46:40.355,1.0995,-0.2506,0.2475,0.5248,0.4928,1.5959,60
2026-02-02 23:46:40.356,1.8588,0.1953,0.3050,0.1022,0.5025,0.0577,21
2026-02-02 23:46:40.565,1.0995,-0.2556,0.2975,0.5279,0.5220,1.5969,61
2026-02-02 23:46:40.565,1.8588,0.1953,0.3050,0.1022,0.5025,0.0577,21
2026-02-02 23:46:40.823,1.0995,-0.2456,0.2975,0.5300,0.5424,1.5975,62
2026-02-02 23:46:40.823,1.8588,0.1953,0.3050,0.1022,0.5025,0.0577,21
2026-02-02 23:46:40.991,1.0995,-0.2456,0.2975,0.5315,0.5567,1.5980,63
2026-02-02 23:46:40.991,1.8588,0.1953,0.3050,0.1022,0.5025,0.0577,21
2026-02-02 23:46:41.213,1.0995,-0.2456,0.2975,0.5326,0.5667,1.5983,64
2026-02-02 23:46:41.213,1.8588,0.1953,0.3050,0.1022,0.5025,0.0577,21
2026-02-02 23:46:41.416,1.0995,-0.2531,0.2975,0.5288,0.5737,1.5985,65
2026-02-02 23:46:41.416,1.8588,0.1953,0.3050,0.1022,0.5025,0.0577,21
2026-02-02 23:46:41.612,1.0995,-0.2531,0.2975,0.5262,0.5786,1.5987,66
2026-02-02 23:46:41.613,1.8588,0.1953,0.3050,0.1022,0.5025,0.0577,21
2026-02-02 23:46:41.860,1.0995,-0.2556,0.2975,0.5258,0.5820,1.5988,67
2026-02-02 23:46:41.860,1.8588,0.1953,0.3050,0.1022,0.5025,0.0577,21
2026-02-02 23:46:42.072,1.0995,-0.2556,0.2575,0.5256,0.5604,1.5989,68
2026-02-02 23:46:42.072,1.8588,0.1953,0.3050,0.1022,0.5025,0.0577,21
2026-02-02 23:46:42.259,1.0995,-0.2581,0.2575,0.5269,0.5453,1.5989,69
2026-02-02 23:46:42.260,1.8588,0.1953,0.3050,0.1022,0.5025,0.0577,21
2026-02-02 23:46:42.461,1.0995,-0.2581,0.2575,0.5278,0.5347,1.5990,70
2026-02-02 23:46:42.462,1.8591,0.2294,0.2075,0.1000,0.4718,0.0566,22
2026-02-02 23:46:42.679,1.0995,-0.2556,0.2575,0.5300,0.5273,1.5990,71
2026-02-02 23:46:42.679,1.8591,0.2294,0.2075,0.1000,0.4718,0.0566,22
2026-02-02 23:46:42.848,1.0995,-0.2556,0.2575,0.5315,0.5221,1.5990,72
2026-02-02 23:46:42.848,1.8591,0.2294,0.2075,0.1000,0.4718,0.0566,22
2026-02-02 23:46:43.075,1.0995,-0.2506,0.2575,0.5355,0.5185,1.5990,73
2026-02-02 23:46:43.076,1.8591,0.2294,0.2075,0.1000,0.4718,0.0566,22
2026-02-02 23:46:43.285,1.0995,-0.2471,0.2775,0.5384,0.5279,1.5990,74
2026-02-02 23:46:43.285,1.8591,0.2294,0.2075,0.1000,0.4718,0.0566,22
2026-02-02 23:46:43.492,1.0995,-0.2496,0.2775,0.5389,0.5346,1.5990,75
2026-02-02 23:46:43.492,1.8591,0.2294,0.2075,0.1000,0.4718,0.0566,22
2026-02-02 23:46:43.679,1.0995,-0.2496,0.2775,0.5392,0.5392,1.5990,76
2026-02-02 23:46:43.679,1.8591,0.2294,0.2075,0.1000,0.4718,0.0566,22
2026-02-02 23:46:43.879,1.0996,-0.2471,0.2775,0.5409,0.5424,1.5990,77
2026-02-02 23:46:43.880,1.8591,0.2294,0.2075,0.1000,0.4718,0.0566,22
2026-02-02 23:46:44.114,1.0968,-0.2521,0.2500,0.5317,0.5282,1.5973,78
2026-02-02 23:46:44.115,1.8591,0.2294,0.2075,0.1000,0.4718,0.0566,22
2026-02-02 23:46:44.314,1.0996,-0.2421,0.2500,0.5312,0.5182,1.5978,79
2026-02-02 23:46:44.315,1.8591,0.2294,0.2075,0.1000,0.4718,0.0566,22
2026-02-02 23:46:44.507,1.0968,-0.2596,0.2500,0.5293,0.5113,1.5965,80
2026-02-02 23:46:44.508,1.8591,0.2294,0.2075,0.1000,0.4718,0.0566,22
2026-02-02 23:46:44.713,1.0968,-0.2596,0.2500,0.5280,0.5064,1.5956,81
2026-02-02 23:46:44.713,1.8591,0.2294,0.2075,0.1000,0.4718,0.0566,22
2026-02-02 23:46:44.917,1.0995,-0.2571,0.2500,0.5286,0.5030,1.5966,82
2026-02-02 23:46:44.917,1.8591,0.2294,0.2075,0.1000,0.4718,0.0566,22
2026-02-02 23:46:45.086,1.0955,-0.2671,0.2975,0.5230,0.5291,1.5949,83
2026-02-02 23:46:45.086,1.8591,0.2294,0.2075,0.1000,0.4718,0.0566,22
2026-02-02 23:46:45.323,1.0955,-0.2571,0.2975,0.5251,0.5474,1.5938,84
2026-02-02 23:46:45.323,1.8591,0.2294,0.2075,0.1000,0.4718,0.0566,22
2026-02-02 23:46:45.539,1.0955,-0.2571,0.2975,0.5266,0.5601,1.5929,85
2026-02-02 23:46:45.539,1.8591,0.2294,0.2075,0.1000,0.4718,0.0566,22
2026-02-02 23:46:45.751,1.0988,-0.2446,0.2975,0.5201,0.5691,1.5943,86
2026-02-02 23:46:45.751,1.8591,0.2294,0.2075,0.1000,0.4718,0.0566,22
2026-02-02 23:46:45.910,1.0988,-0.2446,0.2975,0.4232,0.5577,1.2779,88
2026-02-02 23:46:45.910,1.8591,0.2294,0.2075,0.1000,0.4718,0.0566,22
2026-02-02 23:46:46.145,1.0988,-0.2446,0.2975,0.3756,0.5521,1.1228,90
2026-02-02 23:46:46.146,1.8591,0.2294,0.2075,0.1000,0.4718,0.0566,22
2026-02-02 23:46:46.357,1.0988,-0.2521,0.2825,0.3569,0.5404,1.0468,92
2026-02-02 23:46:46.358,1.8591,0.2294,0.2075,0.1000,0.4718,0.0566,22
2026-02-02 23:46:46.550,1.0988,-0.2546,0.2825,0.4073,0.5463,1.2120,93
2026-02-02 23:46:46.550,1.8591,0.2294,0.2075,0.1000,0.4718,0.0566,22
2026-02-02 23:46:46.781,1.0988,-0.2546,0.2825,0.4426,0.5504,1.3277,94
2026-02-02 23:46:46.782,1.8591,0.2294,0.2075,0.1000,0.4718,0.0566,22
2026-02-02 23:46:46.937,1.0988,-0.2546,0.2550,0.4673,0.5368,1.4087,95
2026-02-02 23:46:46.938,1.8591,0.2294,0.2075,0.1000,0.4718,0.0566,22
2026-02-02 23:46:47.140,1.0988,-0.2546,0.2450,0.4846,0.5212,1.4653,96
2026-02-02 23:46:47.140,1.8591,0.2294,0.2075,0.1000,0.4718,0.0566,22
2026-02-02 23:46:47.368,1.0996,-0.2521,0.2450,0.4952,0.5104,1.5055,97
2026-02-02 23:46:47.369,1.8578,0.2179,0.2575,0.1000,0.4352,0.0590,23
2026-02-02 23:46:47.570,1.0996,-0.2521,0.2450,0.5027,0.5028,1.5336,98
2026-02-02 23:46:47.571,1.8578,0.2179,0.2250,0.1000,0.4292,0.0607,24
2026-02-02 23:46:47.776,1.0996,-0.2521,0.2450,0.4286,0.4654,1.2501,100
2026-02-02 23:46:47.776,1.8578,0.2179,0.2250,0.1000,0.4249,0.0618,25
2026-02-02 23:46:47.983,1.0996,-0.2446,0.2475,0.4515,0.4727,1.3548,101
2026-02-02 23:46:47.983,1.8578,0.2179,0.2250,0.1000,0.4249,0.0618,25
2026-02-02 23:46:48.150,1.0996,-0.2521,0.2475,0.4720,0.4779,1.4281,102
2026-02-02 23:46:48.150,1.8578,0.2179,0.2250,0.1000,0.4249,0.0618,25
2026-02-02 23:46:48.387,1.0996,-0.2471,0.2475,0.4894,0.4815,1.4795,103
2026-02-02 23:46:48.387,1.8578,0.2179,0.2250,0.1000,0.4249,0.0618,25
2026-02-02 23:46:48.554,1.0996,-0.2396,0.2525,0.4971,0.4871,1.5154,104
2026-02-02 23:46:48.554,1.8578,0.2029,0.3275,0.1090,0.4564,0.0627,26
2026-02-02 23:46:48.773,1.0996,-0.2396,0.2475,0.5025,0.4880,1.5405,105
2026-02-02 23:46:48.774,1.8578,0.2029,0.3275,0.1153,0.4785,0.0632,27
2026-02-02 23:46:48.969,1.0996,-0.2471,0.2475,0.5107,0.4886,1.5581,106
2026-02-02 23:46:48.969,1.8578,0.2029,0.3275,0.1197,0.4940,0.0636,28
2026-02-02 23:46:49.160,1.0996,-0.2471,0.2475,0.5165,0.4890,1.5705,107
2026-02-02 23:46:49.160,1.8578,0.2029,0.3275,0.1228,0.5048,0.0639,29
2026-02-02 23:46:49.387,1.0996,-0.2321,0.2475,0.5266,0.4893,1.5791,108
2026-02-02 23:46:49.387,1.8578,0.2029,0.3275,0.1250,0.5123,0.0641,30
2026-02-02 23:46:49.605,1.0996,-0.2324,0.2475,0.5366,0.4895,1.5851,109
2026-02-02 23:46:49.605,1.8578,0.2051,0.3275,0.1160,0.5176,0.0643,31
2026-02-02 23:46:49.817,1.0996,-0.2324,0.2975,0.5436,0.5197,1.5893,110
2026-02-02 23:46:49.817,1.8578,0.2051,0.3275,0.1097,0.5213,0.0644,32
2026-02-02 23:46:50.025,1.0996,-0.2413,0.2475,0.5410,0.5108,1.5923,111
2026-02-02 23:46:50.025,1.8555,0.1937,0.3300,0.1113,0.5224,0.0623,33
2026-02-02 23:46:50.229,1.0996,-0.2363,0.2475,0.5422,0.5045,1.5944,112
2026-02-02 23:46:50.229,1.8555,0.2112,0.3300,0.1019,0.5232,0.0608,34
2026-02-02 23:46:50.453,1.0996,-0.2438,0.2475,0.5476,0.5002,1.5958,113
2026-02-02 23:46:50.453,1.8558,0.2087,0.3675,0.0968,0.5012,0.0596,35
2026-02-02 23:46:50.634,1.0996,-0.2438,0.2475,0.5513,0.4971,1.5968,114
2026-02-02 23:46:50.635,1.8558,0.2162,0.3675,0.0978,0.4859,0.0587,36
2026-02-02 23:46:50.824,1.0996,-0.2413,0.2475,0.5524,0.4950,1.5976,115
2026-02-02 23:46:50.824,1.8563,0.2162,0.3275,0.0984,0.4991,0.0596,37
2026-02-02 23:46:51.030,1.0996,-0.2413,0.2475,0.5532,0.4935,1.5980,116
2026-02-02 23:46:51.030,1.8563,0.2162,0.3275,0.0989,0.5084,0.0602,38
2026-02-02 23:46:51.243,1.0996,-0.2388,0.2475,0.5552,0.4924,1.5984,117
2026-02-02 23:46:51.243,1.8563,0.2162,0.3275,0.0989,0.5084,0.0602,38
2026-02-02 23:46:51.476,1.0996,-0.2388,0.2475,0.4590,0.4523,1.2828,119
2026-02-02 23:46:51.477,1.8563,0.2137,0.2150,0.1007,0.4474,0.0606,39
2026-02-02 23:46:51.621,1.0996,-0.2388,0.2475,0.4118,0.4327,1.1281,121
2026-02-02 23:46:51.622,1.8563,0.2137,0.2150,0.1020,0.4047,0.0609,40
2026-02-02 23:46:51.841,1.0996,-0.2413,0.2475,0.3872,0.4409,1.0523,123
2026-02-02 23:46:51.841,1.8563,0.2137,0.3250,0.1029,0.4438,0.0611,41
2026-02-02 23:46:52.062,1.0996,-0.2413,0.2450,0.3751,0.4435,1.0152,125
2026-02-02 23:46:52.062,1.8563,0.2137,0.3250,0.1035,0.4711,0.0612,42
2026-02-02 23:46:52.261,1.0996,-0.2413,0.2450,0.4291,0.4559,1.1904,126
2026-02-02 23:46:52.261,1.8570,0.2137,0.3250,0.1040,0.4903,0.0609,43
2026-02-02 23:46:52.465,1.0996,-0.2463,0.2450,0.3927,0.4508,1.0805,128
2026-02-02 23:46:52.465,1.8570,0.2137,0.3250,0.1040,0.4903,0.0609,43
2026-02-02 23:46:52.653,1.0996,-0.2463,0.2450,0.3737,0.4483,1.0266,130
2026-02-02 23:46:52.654,1.8570,0.2137,0.3250,0.1040,0.4903,0.0609,43
2026-02-02 23:46:52.890,1.0988,-0.2459,0.2450,0.4251,0.4593,1.1979,131
2026-02-02 23:46:52.890,1.8558,0.2016,0.3925,0.1118,0.4632,0.0597,44
2026-02-02 23:46:53.077,1.0988,-0.2359,0.2425,0.4551,0.4655,1.3178,132
2026-02-02 23:46:53.077,1.8558,0.2016,0.3925,0.1172,0.4442,0.0588,45
2026-02-02 23:46:53.288,1.0988,-0.2384,0.2425,0.4776,0.4699,1.4017,133
2026-02-02 23:46:53.288,1.8558,0.2066,0.3925,0.1181,0.4310,0.0582,46
2026-02-02 23:46:53.495,1.0988,-0.2384,0.2425,0.4933,0.4729,1.4605,134
2026-02-02 23:46:53.496,1.8549,0.1916,0.3925,0.1097,0.4217,0.0572,47
2026-02-02 23:46:53.669,1.0988,-0.2384,0.2425,0.4196,0.4555,1.2117,136
2026-02-02 23:46:53.669,1.8597,0.1916,0.3050,0.1038,0.4677,0.0565,48
2026-02-02 23:46:53.899,1.0988,-0.2384,0.2425,0.3835,0.4470,1.0898,138
2026-02-02 23:46:53.899,1.8602,0.1916,0.3050,0.0996,0.4999,0.0557,49
2026-02-02 23:46:54.130,1.0946,-0.2409,0.2425,0.3633,0.4502,1.0276,140
2026-02-02 23:46:54.130,1.8602,0.1916,0.3050,0.0967,0.5224,0.0551,50
2026-02-02 23:46:54.295,1.0946,-0.2409,0.2425,0.3534,0.4549,0.9971,142
2026-02-02 23:46:54.295,1.8573,0.1916,0.3050,0.0947,0.5382,0.0565,51
2026-02-02 23:46:54.541,1.0956,-0.2409,0.2450,0.3485,0.4587,0.9827,144
2026-02-02 23:46:54.541,1.8573,0.1916,0.3050,0.0933,0.5492,0.0574,52
2026-02-02 23:46:54.747,1.0956,-0.2409,0.2425,0.3461,0.4706,0.9757,146
2026-02-02 23:46:54.747,1.8573,0.1916,0.3050,0.0923,0.5570,0.0581,53
2026-02-02 23:46:54.953,1.0956,-0.2409,0.2550,0.3449,0.4839,0.9722,148
2026-02-02 23:46:54.954,1.8573,0.1916,0.3050,0.0916,0.5624,0.0585,54
2026-02-02 23:46:55.145,1.0956,-0.2409,0.2450,0.3444,0.4876,0.9705,150
2026-02-02 23:46:55.145,1.8573,0.1916,0.3050,0.0911,0.5662,0.0589,55
2026-02-02 23:46:55.347,1.0956,-0.2334,0.2450,0.3486,0.4894,0.9697,152
2026-02-02 23:46:55.347,1.8573,0.1916,0.3050,0.0908,0.5688,0.0591,56
2026-02-02 23:46:55.519,1.0956,-0.2409,0.2450,0.3462,0.4935,0.9693,154
2026-02-02 23:46:55.520,1.8573,0.1916,0.3050,0.0906,0.5707,0.0592,57
2026-02-02 23:46:55.727,1.0956,-0.2484,0.2975,0.4043,0.5224,1.1559,155
2026-02-02 23:46:55.727,1.8573,0.1916,0.3050,0.0906,0.5707,0.0592,57
2026-02-02 23:46:55.959,1.0956,-0.2459,0.2450,0.4465,0.5112,1.2864,156
2026-02-02 23:46:55.960,1.8573,0.1916,0.3050,0.0906,0.5707,0.0592,57
2026-02-02 23:46:56.155,1.0956,-0.2459,0.2475,0.3536,0.4233,0.9482,159
2026-02-02 23:46:56.155,1.8573,0.1916,0.3050,0.0906,0.5707,0.0592,57
2026-02-02 23:46:56.364,1.0956,-0.2459,0.2475,0.3506,0.4072,0.9580,161
2026-02-02 23:46:56.364,1.8573,0.1916,0.3050,0.0906,0.5707,0.0592,57
2026-02-02 23:46:56.575,1.0956,-0.2459,0.2475,0.3177,0.3869,0.8355,164
2026-02-02 23:46:56.576,1.8573,0.1916,0.3050,0.0906,0.5707,0.0592,57
2026-02-02 23:46:56.774,1.0956,-0.2459,0.2475,0.3064,0.3779,0.7935,167
2026-02-02 23:46:56.774,1.8573,0.1916,0.3050,0.0906,0.5707,0.0592,57
2026-02-02 23:46:56.986,1.0956,-0.2484,0.2475,0.3041,0.3748,0.7782,170
2026-02-02 23:46:56.987,1.8573,0.1916,0.3050,0.0906,0.5707,0.0592,57
2026-02-02 23:46:57.178,1.0956,-0.2484,0.2475,0.2959,0.3737,0.7648,173
2026-02-02 23:46:57.178,1.8573,0.1916,0.3050,0.0906,0.5707,0.0592,57
2026-02-02 23:46:57.385,1.0956,-0.2484,0.2450,0.3691,0.4041,1.0127,174
2026-02-02 23:46:57.386,1.8573,0.1916,0.3050,0.0906,0.5707,0.0592,57
2026-02-02 23:46:57.590,1.0956,-0.2484,0.2450,0.4204,0.4254,1.1862,175
2026-02-02 23:46:57.591,1.8573,0.1916,0.3050,0.0906,0.5707,0.0592,57
2026-02-02 23:46:57.839,1.0956,-0.2484,0.2525,0.4563,0.4448,1.3077,176
2026-02-02 23:46:57.839,1.8573,0.1916,0.3050,0.0906,0.5707,0.0592,57
2026-02-02 23:46:58.050,1.0956,-0.2484,0.2800,0.4814,0.4778,1.3927,177
2026-02-02 23:46:58.051,1.8573,0.1916,0.3050,0.0906,0.5707,0.0592,57
2026-02-02 23:46:58.224,1.0956,-0.2434,0.2800,0.5020,0.5010,1.4522,178
2026-02-02 23:46:58.225,1.8573,0.1916,0.3050,0.0906,0.5707,0.0592,57
2026-02-02 23:46:58.472,1.0956,-0.2424,0.2975,0.5164,0.5277,1.4939,179
2026-02-02 23:46:58.472,1.8573,0.1916,0.3050,0.0906,0.5707,0.0592,57
2026-02-02 23:46:58.642,1.0956,-0.2424,0.2975,0.5265,0.5464,1.5231,180
2026-02-02 23:46:58.642,1.8573,0.1916,0.3050,0.0906,0.5707,0.0592,57
2026-02-02 23:46:58.833,1.0956,-0.2433,0.2600,0.5320,0.5370,1.5435,181
2026-02-02 23:46:58.834,1.8573,0.1916,0.3050,0.0906,0.5707,0.0592,57
2026-02-02 23:46:59.047,1.0956,-0.2458,0.2575,0.5374,0.5289,1.5578,182
2026-02-02 23:46:59.048,1.8573,0.1916,0.3050,0.0906,0.5707,0.0592,57
2026-02-02 23:46:59.250,1.0956,-0.2458,0.2700,0.5412,0.5307,1.5678,183
2026-02-02 23:46:59.250,1.8573,0.1916,0.3050,0.0906,0.5707,0.0592,57
2026-02-02 23:46:59.434,1.0956,-0.2392,0.2475,0.5423,0.5185,1.5748,184
2026-02-02 23:46:59.434,1.8573,0.1916,0.3050,0.0906,0.5707,0.0592,57
2026-02-02 23:46:59.645,1.0956,-0.2367,0.2475,0.5416,0.5099,1.5797,185
2026-02-02 23:46:59.652,1.8573,0.1916,0.3050,0.0906,0.5707,0.0592,57
2026-02-02 23:46:59.871,1.0956,-0.2467,0.2475,0.5351,0.5040,1.5831,186
2026-02-02 23:46:59.871,1.8573,0.1916,0.3050,0.0906,0.5707,0.0592,57
2026-02-02 23:47:00.060,1.0956,-0.2467,0.2975,0.5306,0.5298,1.5855,187
2026-02-02 23:47:00.061,1.8573,0.1916,0.3050,0.0906,0.5707,0.0592,57
2026-02-02 23:47:00.253,1.0956,-0.2467,0.2600,0.5274,0.5253,1.5872,188
2026-02-02 23:47:00.254,1.8573,0.1916,0.3050,0.0906,0.5707,0.0592,57
2026-02-02 23:47:00.476,1.0956,-0.2467,0.2975,0.5252,0.5447,1.5883,189
2026-02-02 23:47:00.476,1.8573,0.1916,0.3050,0.0906,0.5707,0.0592,57
2026-02-02 23:47:00.676,1.0956,-0.2467,0.2975,0.5236,0.5583,1.5891,190
2026-02-02 23:47:00.676,1.8573,0.1916,0.3050,0.0906,0.5707,0.0592,57
2026-02-02 23:47:00.876,1.0956,-0.2455,0.2975,0.4294,0.5325,1.2754,192
2026-02-02 23:47:00.877,1.8573,0.1916,0.3050,0.0906,0.5707,0.0592,57
2026-02-02 23:47:01.071,1.0996,-0.2455,0.2975,0.3832,0.5198,1.1240,194
2026-02-02 23:47:01.072,1.8573,0.1916,0.3050,0.0906,0.5707,0.0592,57
2026-02-02 23:47:01.260,1.0996,-0.2455,0.2975,0.3606,0.5136,1.0499,196
2026-02-02 23:47:01.260,1.8573,0.1916,0.3050,0.0906,0.5707,0.0592,57
2026-02-02 23:47:01.459,1.0996,-0.2455,0.2975,0.4084,0.5365,1.2146,197
2026-02-02 23:47:01.460,1.8573,0.1916,0.3050,0.0906,0.5707,0.0592,57
2026-02-02 23:47:01.679,1.0996,-0.2355,0.3000,0.4359,0.5511,1.3300,198
2026-02-02 23:47:01.680,1.8573,0.1916,0.3050,0.0906,0.5707,0.0592,57
2026-02-02 23:47:01.884,1.0996,-0.2255,0.3000,0.4611,0.5612,1.4107,199
2026-02-02 23:47:01.884,1.8573,0.1916,0.3050,0.0906,0.5707,0.0592,57
2026-02-02 23:47:02.104,1.0996,-0.2280,0.2975,0.4803,0.5699,1.4672,200
2026-02-02 23:47:02.104,1.8573,0.1916,0.3050,0.0906,0.5707,0.0592,57
2026-02-02 23:47:02.305,1.0996,-0.2280,0.2975,0.4937,0.5759,1.5068,201
2026-02-02 23:47:02.306,1.8573,0.1916,0.3050,0.0906,0.5707,0.0592,57
2026-02-02 23:47:02.517,1.0996,-0.2280,0.2975,0.5031,0.5801,1.5345,202
2026-02-02 23:47:02.517,1.8573,0.1916,0.3050,0.0906,0.5707,0.0592,57
2026-02-02 23:47:02.756,1.0996,-0.2430,0.2625,0.5007,0.5621,1.5539,203
2026-02-02 23:47:02.756,1.8573,0.1916,0.3050,0.0906,0.5707,0.0592,57
2026-02-02 23:47:02.929,1.0996,-0.2430,0.2625,0.4990,0.5495,1.5674,204
2026-02-02 23:47:02.929,1.8573,0.1916,0.3050,0.0906,0.5707,0.0592,57
2026-02-02 23:47:03.130,1.0996,-0.2430,0.2625,0.4978,0.5406,1.5769,205
2026-02-02 23:47:03.131,1.8573,0.1916,0.3050,0.0906,0.5707,0.0592,57
2026-02-02 23:47:03.339,1.0996,-0.2605,0.2625,0.5074,0.5344,1.5836,206
2026-02-02 23:47:03.340,1.8573,0.1916,0.3050,0.0906,0.5707,0.0592,57
2026-02-02 23:47:03.532,1.0996,-0.2405,0.2625,0.5022,0.5301,1.5882,207
2026-02-02 23:47:03.532,1.8573,0.1916,0.3050,0.0906,0.5707,0.0592,57
2026-02-02 23:47:03.724,1.0996,-0.2380,0.2625,0.5000,0.5271,1.5915,208
2026-02-02 23:47:03.725,1.8573,0.1916,0.3050,0.0906,0.5707,0.0592,57
2026-02-02 23:47:03.944,1.0996,-0.2380,0.2625,0.4985,0.5250,1.5938,209
2026-02-02 23:47:03.944,1.8573,0.1916,0.3050,0.0906,0.5707,0.0592,57
2026-02-02 23:47:04.134,1.0996,-0.2405,0.2475,0.4960,0.5145,1.5954,210
2026-02-02 23:47:04.135,1.8573,0.1916,0.3050,0.0906,0.5707,0.0592,57
2026-02-02 23:47:04.380,1.0996,-0.2405,0.2475,0.4942,0.5071,1.5965,211
2026-02-02 23:47:04.380,1.8573,0.1916,0.3050,0.0906,0.5707,0.0592,57
2026-02-02 23:47:04.574,1.0996,-0.2405,0.2475,0.4929,0.5020,1.5973,212
2026-02-02 23:47:04.575,1.8573,0.1916,0.3050,0.0906,0.5707,0.0592,57
2026-02-02 23:47:04.730,1.0996,-0.2405,0.2475,0.4920,0.4984,1.5978,213
2026-02-02 23:47:04.731,1.8573,0.1916,0.3050,0.0906,0.5707,0.0592,57
2026-02-02 23:47:04.980,1.0996,-0.2430,0.2475,0.4899,0.4959,1.5982,214
2026-02-02 23:47:04.980,1.8573,0.1916,0.3050,0.0906,0.5707,0.0592,57
2026-02-02 23:47:05.151,1.0996,-0.2455,0.2475,0.4900,0.4941,1.5985,215
2026-02-02 23:47:05.152,1.8573,0.1916,0.3050,0.0906,0.5707,0.0592,57
2026-02-02 23:47:05.350,1.0996,-0.2455,0.2475,0.4900,0.4929,1.5987,216
2026-02-02 23:47:05.350,1.8573,0.1916,0.3050,0.0906,0.5707,0.0592,57
2026-02-02 23:47:05.576,1.0996,-0.2455,0.2450,0.4900,0.4905,1.5988,217
2026-02-02 23:47:05.577,1.8573,0.1916,0.3050,0.0906,0.5707,0.0592,57
2026-02-02 23:47:05.786,1.0996,-0.2455,0.2450,0.4900,0.4889,1.5989,218
2026-02-02 23:47:05.786,1.8573,0.1916,0.3050,0.0906,0.5707,0.0592,57
2026-02-02 23:47:05.989,1.0996,-0.2455,0.2450,0.4900,0.4877,1.5990,219
2026-02-02 23:47:05.989,1.8573,0.1916,0.3050,0.0906,0.5707,0.0592,57
2026-02-02 23:47:06.193,1.0996,-0.2459,0.2450,0.4900,0.4869,1.5990,220
2026-02-02 23:47:06.194,1.8573,0.1916,0.3050,0.0906,0.5707,0.0592,57
2026-02-02 23:47:06.371,1.0996,-0.2509,0.2450,0.4930,0.4863,1.5991,221
2026-02-02 23:47:06.371,1.8573,0.1916,0.3050,0.0906,0.5707,0.0592,57
2026-02-02 23:47:06.600,1.0996,-0.2509,0.2450,0.4951,0.4859,1.5991,222
2026-02-02 23:47:06.600,1.8573,0.1916,0.3050,0.0906,0.5707,0.0592,57
2026-02-02 23:47:06.807,1.0996,-0.2484,0.2975,0.4951,0.5171,1.5991,223
2026-02-02 23:47:06.808,1.8573,0.1916,0.3050,0.0906,0.5707,0.0592,57
2026-02-02 23:47:07.011,1.0996,-0.2434,0.2975,0.5010,0.5390,1.5991,224
2026-02-02 23:47:07.011,1.8573,0.1916,0.3050,0.0906,0.5707,0.0592,57
2026-02-02 23:47:07.205,1.0993,-0.2534,0.2975,0.4992,0.5543,1.5990,225
2026-02-02 23:47:07.205,1.8573,0.1916,0.3050,0.0906,0.5707,0.0592,57
2026-02-02 23:47:07.388,1.0993,-0.2534,0.2975,0.4980,0.5650,1.5988,226
2026-02-02 23:47:07.389,1.8573,0.1916,0.3050,0.0906,0.5707,0.0592,57
2026-02-02 23:47:07.583,1.0993,-0.2534,0.2975,0.4971,0.5725,1.5987,227
2026-02-02 23:47:07.584,1.8573,0.1916,0.3050,0.0906,0.5707,0.0592,57
2026-02-02 23:47:07.812,1.0993,-0.2534,0.2975,0.4965,0.5778,1.5987,228
2026-02-02 23:47:07.812,1.8573,0.1916,0.3050,0.0906,0.5707,0.0592,57
2026-02-02 23:47:08.009,1.0993,-0.2534,0.2975,0.4960,0.5814,1.5986,229
2026-02-02 23:47:08.210,1.0993,-0.2534,0.2975,0.4957,0.5840,1.5986,230
2026-02-02 23:47:08.411,1.0993,-0.2534,0.2975,0.4113,0.5692,1.2873,232
2026-02-02 23:47:08.613,1.0993,-0.2484,0.2975,0.3681,0.5620,1.1325,234
2026-02-02 23:47:08.815,1.0993,-0.2484,0.2975,0.3458,0.5584,1.0567,236
2026-02-02 23:47:09.014,1.0993,-0.2484,0.2975,0.3876,0.5679,1.2192,237
2026-02-02 23:47:09.218,1.0993,-0.2484,0.2975,0.4168,0.5745,1.3330,238
2026-02-02 23:47:09.402,1.0993,-0.2484,0.2975,0.4373,0.5792,1.4127,239
2026-02-02 23:47:09.642,1.0993,-0.2484,0.2975,0.3797,0.5668,1.1940,241
2026-02-02 23:47:09.858,1.0993,-0.2559,0.2975,0.3560,0.5692,1.0873,243
2026-02-02 23:47:10.045,1.0993,-0.2559,0.2675,0.3444,0.5524,1.0351,245
2026-02-02 23:47:10.283,1.0993,-0.2559,0.2975,0.3911,0.5637,1.2041,246
2026-02-02 23:47:10.499,1.0993,-0.2509,0.2450,0.4268,0.5401,1.3225,247
2026-02-02 23:47:10.723,1.0993,-0.2511,0.2500,0.4502,0.5265,1.4053,248
2026-02-02 23:47:10.933,1.0993,-0.2511,0.2500,0.4667,0.5171,1.4633,249
2026-02-02 23:47:11.078,1.0993,-0.2511,0.2450,0.4782,0.5075,1.5038,250
2026-02-02 23:47:11.319,1.0993,-0.2511,0.2450,0.4862,0.5007,1.5322,251
2026-02-02 23:47:11.521,1.0993,-0.2511,0.2450,0.4918,0.4960,1.5521,252
2026-02-02 23:47:11.705,1.0993,-0.2486,0.2450,0.4943,0.4927,1.5660,253
2026-02-02 23:47:11.932,1.0993,-0.2487,0.2450,0.4960,0.4904,1.5758,254
2026-02-02 23:47:12.131,1.0993,-0.2512,0.2450,0.4957,0.4888,1.5826,255
2026-02-02 23:47:12.342,1.0989,-0.2512,0.2475,0.4955,0.4891,1.5871,256
2026-02-02 23:47:12.559,1.0989,-0.2487,0.2500,0.4968,0.4909,1.5903,257
2026-02-02 23:47:12.756,1.0989,-0.2487,0.2500,0.4978,0.4921,1.5925,258
2026-02-02 23:47:12.965,1.0989,-0.2487,0.2500,0.4985,0.4930,1.5941,259
2026-02-02 23:47:13.168,1.0989,-0.2187,0.2550,0.5169,0.4966,1.5951,260
2026-02-02 23:47:13.378,1.0989,-0.2187,0.2450,0.5298,0.4901,1.5959,261
2026-02-02 23:47:13.582,1.0989,-0.2187,0.2450,0.5389,0.4856,1.5964,262
2026-02-02 23:47:13.792,1.0989,-0.2337,0.2675,0.5362,0.4959,1.5968,263
2026-02-02 23:47:13.996,1.0989,-0.2451,0.2550,0.5284,0.4956,1.5970,264
2026-02-02 23:47:14.197,1.0989,-0.2401,0.3000,0.5288,0.5224,1.5972,265
2026-02-02 23:47:14.418,1.0989,-0.2401,0.3000,0.5292,0.5412,1.5973,266
2026-02-02 23:47:14.619,1.0989,-0.2376,0.2575,0.5309,0.5288,1.5974,267
2026-02-02 23:47:14.840,1.0989,-0.2326,0.2575,0.5292,0.5202,1.5975,268
2026-02-02 23:47:14.993,1.0989,-0.2326,0.2575,0.5279,0.5141,1.5975,269
2026-02-02 23:47:15.217,1.0989,-0.2326,0.2525,0.5270,0.5069,1.5976,270
2026-02-02 23:47:15.448,1.0992,-0.2326,0.2525,0.5264,0.5018,1.5978,271
2026-02-02 23:47:15.599,1.0992,-0.2376,0.2525,0.5260,0.4983,1.5980,272
2026-02-02 23:47:15.826,1.0992,-0.2351,0.2525,0.5272,0.4958,1.5981,273
2026-02-02 23:47:16.055,1.0992,-0.2326,0.2525,0.5235,0.4941,1.5982,274
2026-02-02 23:47:16.252,1.0992,-0.2326,0.2525,0.5210,0.4928,1.5982,275
2026-02-02 23:47:16.451,1.0992,-0.2301,0.2525,0.5207,0.4920,1.5983,276
2026-02-02 23:47:16.679,1.0992,-0.2301,0.2525,0.5205,0.4914,1.5983,277
2026-02-02 23:47:16.828,1.0992,-0.2351,0.2550,0.5203,0.4895,1.5983,278
2026-02-02 23:47:17.037,1.0992,-0.2351,0.2550,0.5202,0.4881,1.5983,279
2026-02-02 23:47:17.277,1.0992,-0.2476,0.2550,0.5277,0.4872,1.5983,280
2026-02-02 23:47:17.471,1.0992,-0.2476,0.2500,0.5329,0.4835,1.5983,281
2026-02-02 23:47:17.672,1.0992,-0.2476,0.2475,0.5365,0.4825,1.5983,282
2026-02-02 23:47:17.889,1.0992,-0.2476,0.2550,0.5391,0.4862,1.5984,283
2026-02-02 23:47:18.098,1.0992,-0.2476,0.2475,0.5408,0.4844,1.5984,284
2026-02-02 23:47:18.299,1.0992,-0.2351,0.2475,0.5346,0.4831,1.5984,285
2026-02-02 23:47:18.538,1.0992,-0.2351,0.2475,0.5302,0.4821,1.5984,286
2026-02-02 23:47:18.729,1.0993,-0.2351,0.2525,0.5271,0.4815,1.5983,287
2026-02-02 23:47:18.938,1.0992,-0.2351,0.2450,0.5250,0.4825,1.5983,288
2026-02-02 23:47:19.140,1.0992,-0.2351,0.2500,0.5235,0.4863,1.5983,289
2026-02-02 23:47:19.337,1.0992,-0.2301,0.2500,0.5255,0.4889,1.5984,290
2026-02-02 23:47:19.521,1.0992,-0.2295,0.2975,0.5268,0.5192,1.5984,291
2026-02-02 23:47:19.750,1.0992,-0.2295,0.2975,0.5278,0.5405,1.5984,292
2026-02-02 23:47:19.950,1.0992,-0.2295,0.2425,0.4407,0.4771,1.2801,294
2026-02-02 23:47:20.148,1.0992,-0.2320,0.2425,0.4690,0.4780,1.3756,295
2026-02-02 23:47:20.331,1.0992,-0.2420,0.2425,0.4888,0.4786,1.4424,296
2026-02-02 23:47:20.560,1.0992,-0.2495,0.2450,0.4982,0.4805,1.4892,297
2026-02-02 23:47:20.760,1.0992,-0.2531,0.2475,0.5047,0.4833,1.5220,298
2026-02-02 23:47:20.961,1.0956,-0.2531,0.2475,0.5093,0.4853,1.5427,299
2026-02-02 23:47:21.165,1.0956,-0.2381,0.2475,0.5185,0.4867,1.5572,300
2026-02-02 23:47:21.372,1.0956,-0.2381,0.2475,0.5250,0.4877,1.5674,301
2026-02-02 23:47:21.556,1.0956,-0.2381,0.2450,0.5295,0.4869,1.5745,302
2026-02-02 23:47:21.556,1.8584,0.2069,0.3500,0.0842,0.4850,0.0602,3
2026-02-02 23:47:21.797,1.0956,-0.2381,0.2450,0.5326,0.4863,1.5795,303
2026-02-02 23:47:21.797,1.8584,0.2069,0.3500,0.0829,0.4850,0.0602,4
2026-02-02 23:47:22.005,1.0956,-0.2373,0.2425,0.5348,0.4844,1.5830,304
2026-02-02 23:47:22.005,1.8584,0.2027,0.3525,0.0821,0.4835,0.0602,5
2026-02-02 23:47:22.178,1.0956,-0.2393,0.2550,0.5364,0.4906,1.5855,305
2026-02-02 23:47:22.178,1.8584,0.2057,0.3500,0.0814,0.4839,0.0602,6
2026-02-02 23:47:22.409,1.0956,-0.2393,0.2475,0.5375,0.4904,1.5872,306
2026-02-02 23:47:22.409,1.8584,0.2057,0.3500,0.0810,0.4843,0.0602,7
2026-02-02 23:47:22.606,1.0956,-0.2393,0.2475,0.5382,0.4903,1.5884,307
2026-02-02 23:47:22.607,1.8584,0.2057,0.3500,0.0807,0.4845,0.0602,8
2026-02-02 23:47:22.795,1.0956,-0.2418,0.2975,0.5403,0.5202,1.5892,308
2026-02-02 23:47:22.796,1.8580,0.2057,0.3500,0.0805,0.4846,0.0605,9
2026-02-02 23:47:23.009,1.0951,-0.2418,0.2975,0.5417,0.5411,1.5895,309
2026-02-02 23:47:23.010,1.8580,0.2057,0.3500,0.0803,0.4847,0.0606,10
2026-02-02 23:47:23.234,1.0951,-0.2418,0.2975,0.5427,0.5558,1.5898,310
2026-02-02 23:47:23.235,1.8580,0.2057,0.3500,0.0802,0.4848,0.0608,11
2026-02-02 23:47:23.410,1.0951,-0.2418,0.2975,0.5434,0.5661,1.5899,311
2026-02-02 23:47:23.410,1.8557,0.2232,0.3500,0.0907,0.4849,0.0622,12
2026-02-02 23:47:23.623,1.0951,-0.2418,0.2975,0.5439,0.5732,1.5900,312
2026-02-02 23:47:23.623,1.8557,0.2232,0.3500,0.0907,0.4849,0.0622,12
2026-02-02 23:47:23.802,1.0951,-0.2418,0.2975,0.5442,0.5783,1.5901,313
2026-02-02 23:47:23.802,1.8557,0.2232,0.3500,0.0907,0.4849,0.0622,12
2026-02-02 23:47:24.011,1.0951,-0.2418,0.2975,0.5444,0.5818,1.5902,314
2026-02-02 23:47:24.011,1.8557,0.2232,0.3900,0.0980,0.4609,0.0632,13
2026-02-02 23:47:24.225,1.0951,-0.2418,0.2975,0.5446,0.5843,1.5902,315
2026-02-02 23:47:24.225,1.8580,0.2257,0.4125,0.1016,0.4306,0.0626,14
2026-02-02 23:47:24.442,1.0951,-0.2418,0.2975,0.5447,0.5860,1.5902,316
2026-02-02 23:47:24.442,1.8580,0.2257,0.4125,0.1016,0.4306,0.0626,14
2026-02-02 23:47:24.643,1.0951,-0.2418,0.2975,0.5448,0.5872,1.5902,317
2026-02-02 23:47:24.643,1.8580,0.2257,0.4125,0.1016,0.4306,0.0626,14
2026-02-02 23:47:24.844,1.0995,-0.2443,0.2975,0.5464,0.5880,1.5929,318
2026-02-02 23:47:24.844,1.8580,0.2257,0.4125,0.1016,0.4306,0.0626,14
2026-02-02 23:47:25.043,1.0951,-0.2543,0.2975,0.5415,0.5886,1.5921,319
2026-02-02 23:47:25.043,1.8580,0.2257,0.4125,0.1016,0.4306,0.0626,14
2026-02-02 23:47:25.245,1.0951,-0.2543,0.2975,0.5380,0.5890,1.5916,320
2026-02-02 23:47:25.246,1.8580,0.2257,0.4125,0.1016,0.4306,0.0626,14
2026-02-02 23:47:25.421,1.0951,-0.2568,0.2975,0.5371,0.5893,1.5912,321
2026-02-02 23:47:25.422,1.8580,0.2257,0.4125,0.1016,0.4306,0.0626,14
2026-02-02 23:47:25.649,1.0951,-0.2543,0.2700,0.5350,0.5730,1.5909,322
2026-02-02 23:47:25.650,1.8580,0.2257,0.4125,0.1016,0.4306,0.0626,14
2026-02-02 23:47:25.866,1.0995,-0.2468,0.2975,0.5320,0.5781,1.5934,323
2026-02-02 23:47:25.866,1.8580,0.2257,0.4125,0.1016,0.4306,0.0626,14
2026-02-02 23:47:26.079,1.0995,-0.2493,0.2975,0.5314,0.5817,1.5951,324
2026-02-02 23:47:26.079,1.8580,0.2257,0.4125,0.1016,0.4306,0.0626,14
2026-02-02 23:47:26.280,1.0995,-0.2518,0.2975,0.5325,0.5842,1.5962,325
2026-02-02 23:47:26.280,1.8580,0.2257,0.4125,0.1016,0.4306,0.0626,14
2026-02-02 23:47:26.491,1.0995,-0.2493,0.2975,0.5317,0.5859,1.5971,326
2026-02-02 23:47:26.491,1.8580,0.2257,0.4125,0.1016,0.4306,0.0626,14
2026-02-02 23:47:26.693,1.0995,-0.2468,0.3000,0.5327,0.5856,1.5977,327
2026-02-02 23:47:26.693,1.8580,0.2257,0.4125,0.1016,0.4306,0.0626,14
2026-02-02 23:47:26.883,1.0995,-0.2493,0.3000,0.5349,0.5855,1.5981,328
2026-02-02 23:47:26.883,1.8580,0.2257,0.4125,0.1016,0.4306,0.0626,14
2026-02-02 23:47:27.097,1.0995,-0.2418,0.3000,0.5409,0.5853,1.5984,329
2026-02-02 23:47:27.098,1.8580,0.2257,0.4125,0.1016,0.4306,0.0626,14
2026-02-02 23:47:27.297,1.0995,-0.2418,0.3000,0.5452,0.5852,1.5986,330
2026-02-02 23:47:27.298,1.8580,0.2257,0.4125,0.1016,0.4306,0.0626,14
2026-02-02 23:47:27.499,1.0995,-0.2433,0.3000,0.5481,0.5852,1.5987,331
2026-02-02 23:47:27.499,1.8580,0.2257,0.4125,0.1016,0.4306,0.0626,14
2026-02-02 23:47:27.709,1.0995,-0.2433,0.3000,0.5502,0.5851,1.5988,332
2026-02-02 23:47:27.709,1.8580,0.2257,0.4125,0.1016,0.4306,0.0626,14
2026-02-02 23:47:27.903,1.0995,-0.2433,0.3000,0.5516,0.5851,1.5989,333
2026-02-02 23:47:27.903,1.8580,0.2257,0.4125,0.1016,0.4306,0.0626,14
2026-02-02 23:47:28.091,1.0995,-0.2433,0.2625,0.5526,0.5626,1.5989,334
2026-02-02 23:47:28.092,1.8580,0.2257,0.4125,0.1016,0.4306,0.0626,14
2026-02-02 23:47:28.310,1.0995,-0.2433,0.2650,0.5533,0.5483,1.5989,335
2026-02-02 23:47:28.311,1.8580,0.2257,0.4125,0.1016,0.4306,0.0626,14
2026-02-02 23:47:28.502,1.0995,-0.2408,0.2625,0.5523,0.5368,1.5990,336
2026-02-02 23:47:28.503,1.8580,0.2257,0.4125,0.1016,0.4306,0.0626,14
2026-02-02 23:47:28.701,1.0995,-0.2333,0.2975,0.5471,0.5498,1.5990,337
2026-02-02 23:47:28.702,1.8580,0.2257,0.4125,0.1016,0.4306,0.0626,14
2026-02-02 23:47:28.913,1.0995,-0.2408,0.2475,0.5480,0.5288,1.5990,338
2026-02-02 23:47:28.913,1.8580,0.2257,0.4125,0.1016,0.4306,0.0626,14
2026-02-02 23:47:29.107,1.0995,-0.2401,0.2500,0.5486,0.5157,1.5990,339
2026-02-02 23:47:29.107,1.8580,0.2257,0.4125,0.1016,0.4306,0.0626,14
2026-02-02 23:47:29.338,1.0995,-0.2401,0.2500,0.5490,0.5065,1.5990,340
2026-02-02 23:47:29.338,1.8580,0.2257,0.4125,0.1016,0.4306,0.0626,14
2026-02-02 23:47:29.546,1.0995,-0.2301,0.2475,0.5433,0.4985,1.5990,341
2026-02-02 23:47:29.546,1.8580,0.2257,0.4125,0.1016,0.4306,0.0626,14
2026-02-02 23:47:29.749,1.0995,-0.2301,0.2475,0.5393,0.4930,1.5990,342
2026-02-02 23:47:29.749,1.8596,0.2024,0.3350,0.0996,0.4529,0.0617,15
2026-02-02 23:47:29.980,1.0995,-0.2301,0.2475,0.5365,0.4891,1.5990,343
2026-02-02 23:47:29.980,1.8596,0.2024,0.3350,0.0982,0.4686,0.0611,16
2026-02-02 23:47:30.171,1.0995,-0.2301,0.2475,0.4387,0.4561,1.2821,345
2026-02-02 23:47:30.171,1.8596,0.2024,0.3350,0.0973,0.4795,0.0607,17
2026-02-02 23:47:30.371,1.0994,-0.2301,0.2500,0.4661,0.4648,1.3771,346
2026-02-02 23:47:30.372,1.8596,0.2024,0.3350,0.0966,0.4871,0.0604,18
2026-02-02 23:47:30.582,1.0994,-0.2301,0.2475,0.4853,0.4693,1.4436,347
2026-02-02 23:47:30.583,1.8596,0.2049,0.3375,0.0946,0.4940,0.0602,19
2026-02-02 23:47:30.786,1.0994,-0.2301,0.2475,0.4987,0.4725,1.4902,348
2026-02-02 23:47:30.787,1.8600,0.2049,0.3950,0.0932,0.4643,0.0597,20
2026-02-02 23:47:30.995,1.0994,-0.2301,0.2475,0.5081,0.4748,1.5227,349
2026-02-02 23:47:30.995,1.8600,0.2049,0.3950,0.0923,0.4435,0.0595,21
2026-02-02 23:47:31.180,1.0994,-0.2351,0.2975,0.5207,0.5093,1.5456,350
2026-02-02 23:47:31.180,1.8600,0.2049,0.3950,0.0916,0.4290,0.0592,22
2026-02-02 23:47:31.416,1.0994,-0.2376,0.2975,0.5280,0.5335,1.5615,351
2026-02-02 23:47:31.416,1.8600,0.2049,0.3950,0.0911,0.4188,0.0591,23
2026-02-02 23:47:31.621,1.0994,-0.2376,0.2450,0.5331,0.5190,1.5727,352
2026-02-02 23:47:31.621,1.8600,0.1999,0.3925,0.0938,0.4131,0.0590,24
2026-02-02 23:47:31.829,1.0994,-0.2401,0.2475,0.5351,0.5103,1.5805,353
2026-02-02 23:47:31.829,1.8600,0.2074,0.3925,0.0911,0.4092,0.0589,25
2026-02-02 23:47:32.030,1.0994,-0.2351,0.2500,0.5366,0.5057,1.5860,354
2026-02-02 23:47:32.031,1.8600,0.2074,0.3925,0.0893,0.4064,0.0589,26
2026-02-02 23:47:32.224,1.0994,-0.2376,0.2825,0.5361,0.5220,1.5898,355
2026-02-02 23:47:32.224,1.8600,0.2074,0.3925,0.0893,0.4064,0.0589,26
2026-02-02 23:47:32.434,1.0994,-0.2376,0.2825,0.5358,0.5334,1.5925,356
2026-02-02 23:47:32.435,1.8600,0.2074,0.3925,0.0893,0.4064,0.0589,26
2026-02-02 23:47:32.635,1.0994,-0.2376,0.2825,0.5356,0.5414,1.5944,357
2026-02-02 23:47:32.635,1.8600,0.2074,0.3925,0.0893,0.4064,0.0589,26
2026-02-02 23:47:32.842,1.0994,-0.2451,0.2825,0.5309,0.5470,1.5957,358
2026-02-02 23:47:32.843,1.8600,0.2074,0.3925,0.0893,0.4064,0.0589,26
2026-02-02 23:47:33.059,1.0994,-0.2401,0.2825,0.5246,0.5509,1.5966,359
2026-02-02 23:47:33.059,1.8600,0.2074,0.3925,0.0893,0.4064,0.0589,26
2026-02-02 23:47:33.260,1.0994,-0.2451,0.2825,0.5172,0.5536,1.5973,360
2026-02-02 23:47:33.260,1.8600,0.2074,0.3925,0.0893,0.4064,0.0589,26
2026-02-02 23:47:33.465,1.0994,-0.2451,0.2825,0.5121,0.5555,1.5977,361
2026-02-02 23:47:33.466,1.8600,0.2074,0.3925,0.0893,0.4064,0.0589,26
2026-02-02 23:47:33.672,1.0994,-0.2426,0.2850,0.5159,0.5584,1.5980,362
2026-02-02 23:47:33.672,1.8600,0.2074,0.3925,0.0893,0.4064,0.0589,26
2026-02-02 23:47:33.875,1.0994,-0.2426,0.2850,0.5187,0.5604,1.5982,363
2026-02-02 23:47:33.875,1.8600,0.2074,0.3925,0.0893,0.4064,0.0589,26
2026-02-02 23:47:34.062,1.0994,-0.2426,0.2850,0.5146,0.5618,1.5984,364
2026-02-02 23:47:34.062,1.8600,0.2074,0.3925,0.0893,0.4064,0.0589,26
2026-02-02 23:47:34.265,1.0994,-0.2495,0.2850,0.5132,0.5627,1.5985,365
2026-02-02 23:47:34.265,1.8600,0.2074,0.3925,0.0893,0.4064,0.0589,26
2026-02-02 23:47:34.504,1.0994,-0.2470,0.2850,0.5107,0.5634,1.5986,366
2026-02-02 23:47:34.505,1.8600,0.2074,0.3925,0.0893,0.4064,0.0589,26
2026-02-02 23:47:34.701,1.0994,-0.2495,0.2975,0.5105,0.5714,1.5986,367
2026-02-02 23:47:34.702,1.8600,0.2074,0.3925,0.0893,0.4064,0.0589,26
2026-02-02 23:47:34.902,1.0994,-0.2470,0.2975,0.5089,0.5770,1.5987,368
2026-02-02 23:47:34.903,1.8600,0.2074,0.3925,0.0893,0.4064,0.0589,26
2026-02-02 23:47:35.102,1.0994,-0.2470,0.2975,0.5077,0.5809,1.5987,369
2026-02-02 23:47:35.102,1.8600,0.2074,0.3925,0.0893,0.4064,0.0589,26
2026-02-02 23:47:35.272,1.0994,-0.2495,0.2975,0.5084,0.5836,1.5987,370
2026-02-02 23:47:35.272,1.8600,0.2074,0.3925,0.0893,0.4064,0.0589,26
2026-02-02 23:47:35.468,1.0994,-0.2445,0.2975,0.5119,0.5855,1.5987,371
2026-02-02 23:47:35.468,1.8600,0.2074,0.3925,0.0893,0.4064,0.0589,26
2026-02-02 23:47:35.706,1.0994,-0.2445,0.2975,0.5143,0.5869,1.5987,372
2026-02-02 23:47:35.706,1.8600,0.2074,0.3925,0.0893,0.4064,0.0589,26
2026-02-02 23:47:35.915,1.0994,-0.2470,0.2975,0.5175,0.5878,1.5987,373
2026-02-02 23:47:35.915,1.8600,0.2074,0.3925,0.0893,0.4064,0.0589,26
2026-02-02 23:47:36.100,1.0955,-0.2395,0.2975,0.5153,0.5885,1.5964,374
2026-02-02 23:47:36.100,1.8600,0.2074,0.3925,0.0893,0.4064,0.0589,26
2026-02-02 23:47:36.324,1.0955,-0.2420,0.2975,0.5152,0.5889,1.5948,375
2026-02-02 23:47:36.325,1.8600,0.2074,0.3925,0.0893,0.4064,0.0589,26
2026-02-02 23:47:36.477,1.0955,-0.2420,0.2975,0.5151,0.5892,1.5936,376
2026-02-02 23:47:36.477,1.8600,0.2074,0.3925,0.0893,0.4064,0.0589,26
2026-02-02 23:47:36.676,1.0947,-0.2420,0.2600,0.5151,0.5670,1.5924,377
2026-02-02 23:47:36.676,1.8600,0.2074,0.3925,0.0893,0.4064,0.0589,26
2026-02-02 23:47:36.887,1.0947,-0.2395,0.2500,0.5136,0.5454,1.5915,378
2026-02-02 23:47:36.887,1.8600,0.2074,0.3925,0.0893,0.4064,0.0589,26
2026-02-02 23:47:37.101,1.0947,-0.2395,0.2975,0.5125,0.5588,1.5908,379
2026-02-02 23:47:37.102,1.8600,0.2074,0.3925,0.0893,0.4064,0.0589,26
2026-02-02 23:47:37.316,1.0947,-0.2395,0.2650,0.5117,0.5486,1.5904,380
2026-02-02 23:47:37.317,1.8600,0.2074,0.3925,0.0893,0.4064,0.0589,26
2026-02-02 23:47:37.550,1.0947,-0.2470,0.2425,0.5067,0.5280,1.5901,381
2026-02-02 23:47:37.550,1.8600,0.2074,0.3925,0.0893,0.4064,0.0589,26
2026-02-02 23:47:37.756,1.0947,-0.2470,0.2425,0.5032,0.5136,1.5899,382
2026-02-02 23:47:37.756,1.8600,0.2074,0.3925,0.0893,0.4064,0.0589,26
2026-02-02 23:47:37.965,1.0947,-0.2520,0.2425,0.5037,0.5035,1.5897,383
2026-02-02 23:47:37.965,1.8600,0.2074,0.3925,0.0893,0.4064,0.0589,26
2026-02-02 23:47:38.169,1.0986,-0.2495,0.2450,0.5056,0.4980,1.5920,384
2026-02-02 23:47:38.169,1.8600,0.2074,0.3925,0.0893,0.4064,0.0589,26
2026-02-02 23:47:38.376,1.0986,-0.2495,0.2425,0.5069,0.4926,1.5935,385
2026-02-02 23:47:38.376,1.8600,0.2074,0.3925,0.0893,0.4064,0.0589,26
2026-02-02 23:47:38.615,1.0986,-0.2495,0.2425,0.5079,0.4888,1.5946,386
2026-02-02 23:47:38.615,1.8600,0.2074,0.3925,0.0893,0.4064,0.0589,26
2026-02-02 23:47:38.736,1.0986,-0.2545,0.2425,0.5085,0.4862,1.5954,387
2026-02-02 23:47:38.736,1.8600,0.2074,0.3925,0.0893,0.4064,0.0589,26
2026-02-02 23:47:38.974,1.0986,-0.2545,0.2425,0.5089,0.4843,1.5960,388
2026-02-02 23:47:38.975,1.8600,0.2074,0.3925,0.0893,0.4064,0.0589,26
2026-02-02 23:47:39.176,1.0986,-0.2420,0.2425,0.5018,0.4830,1.5963,389
2026-02-02 23:47:39.176,1.8600,0.2074,0.3925,0.0893,0.4064,0.0589,26
2026-02-02 23:47:39.377,1.0986,-0.2420,0.2425,0.4967,0.4821,1.5966,390
2026-02-02 23:47:39.377,1.8600,0.2074,0.3925,0.0893,0.4064,0.0589,26
2026-02-02 23:47:39.578,1.0986,-0.2420,0.2425,0.4932,0.4815,1.5968,391
2026-02-02 23:47:39.578,1.8600,0.2074,0.3925,0.0893,0.4064,0.0589,26
2026-02-02 23:47:39.762,1.0986,-0.2495,0.2425,0.4953,0.4810,1.5969,392
2026-02-02 23:47:39.762,1.8600,0.2074,0.3925,0.0893,0.4064,0.0589,26
2026-02-02 23:47:39.980,1.0986,-0.2420,0.2425,0.4922,0.4807,1.5970,393
2026-02-02 23:47:39.981,1.8600,0.2074,0.3925,0.0893,0.4064,0.0589,26
2026-02-02 23:47:40.206,1.0986,-0.2420,0.2650,0.4930,0.4940,1.5971,394
2026-02-02 23:47:40.207,1.8600,0.2074,0.3925,0.0893,0.4064,0.0589,26
2026-02-02 23:47:40.338,1.0986,-0.2420,0.2650,0.4936,0.5033,1.5971,395
2026-02-02 23:47:40.338,1.8600,0.2074,0.3925,0.0893,0.4064,0.0589,26
2026-02-02 23:47:40.582,1.0986,-0.2470,0.2650,0.4970,0.5098,1.5972,396
2026-02-02 23:47:40.582,1.8600,0.2074,0.3925,0.0893,0.4064,0.0589,26
2026-02-02 23:47:40.781,1.0986,-0.2470,0.2725,0.4994,0.5189,1.5972,397
2026-02-02 23:47:40.781,1.8600,0.2074,0.3925,0.0893,0.4064,0.0589,26
2026-02-02 23:47:40.992,1.0986,-0.2470,0.2500,0.5011,0.5117,1.5972,398
2026-02-02 23:47:40.993,1.8558,0.2080,0.3550,0.0880,0.4270,0.0580,27
2026-02-02 23:47:41.195,1.0986,-0.2470,0.2500,0.5023,0.5067,1.5972,399
2026-02-02 23:47:41.196,1.8572,0.2055,0.3600,0.0856,0.4384,0.0565,28
2026-02-02 23:47:41.426,1.0986,-0.2488,0.2500,0.5001,0.5032,1.5972,400
2026-02-02 23:47:41.427,1.8533,0.2037,0.3625,0.0839,0.4449,0.0579,29
2026-02-02 23:47:41.554,1.0986,-0.2513,0.2500,0.5001,0.5007,1.5972,401
2026-02-02 23:47:41.555,1.8533,0.2062,0.3625,0.0842,0.4494,0.0588,30
2026-02-02 23:47:41.761,1.0986,-0.2488,0.2500,0.4985,0.4990,1.5972,402
2026-02-02 23:47:41.761,1.8533,0.2062,0.3625,0.0845,0.4526,0.0595,31
2026-02-02 23:47:42.014,1.0986,-0.2488,0.2500,0.4975,0.4978,1.5972,403
2026-02-02 23:47:42.014,1.8558,0.2087,0.3625,0.0831,0.4548,0.0584,32
2026-02-02 23:47:42.215,1.0986,-0.2488,0.2475,0.4967,0.4955,1.5972,404
2026-02-02 23:47:42.216,1.8550,0.2087,0.3325,0.0822,0.4744,0.0582,33
2026-02-02 23:47:42.436,1.0986,-0.2438,0.2475,0.4932,0.4938,1.5972,405
2026-02-02 23:47:42.436,1.8558,0.2087,0.3600,0.0815,0.4716,0.0575,34
2026-02-02 23:47:42.615,1.0986,-0.2428,0.2500,0.4080,0.4566,1.2814,407
2026-02-02 23:47:42.615,1.8558,0.2087,0.3600,0.0815,0.4716,0.0575,34
2026-02-02 23:47:42.831,1.0986,-0.2453,0.2500,0.3648,0.4384,1.1266,409
2026-02-02 23:47:42.831,1.8558,0.2087,0.3600,0.0815,0.4716,0.0575,34
2026-02-02 23:47:43.031,1.0991,-0.2328,0.2500,0.4068,0.4554,1.2681,410
2026-02-02 23:47:43.031,1.8558,0.2087,0.3600,0.0815,0.4716,0.0575,34
2026-02-02 23:47:43.235,1.0991,-0.2353,0.2525,0.4378,0.4658,1.3671,411
2026-02-02 23:47:43.235,1.8558,0.2087,0.3600,0.0815,0.4716,0.0575,34
2026-02-02 23:47:43.427,1.0991,-0.2420,0.2475,0.4625,0.4700,1.4364,412
2026-02-02 23:47:43.427,1.8558,0.2087,0.3600,0.0815,0.4716,0.0575,34
2026-02-02 23:47:43.610,1.0991,-0.2395,0.2475,0.4782,0.4730,1.4849,413
2026-02-02 23:47:43.610,1.8495,0.2230,0.3625,0.0811,0.4681,0.0515,35
2026-02-02 23:47:43.820,1.0991,-0.2395,0.2475,0.4893,0.4751,1.5189,414
2026-02-02 23:47:43.820,1.8495,0.2230,0.3625,0.0811,0.4681,0.0515,35
2026-02-02 23:47:44.020,1.0991,-0.2395,0.2475,0.4970,0.4766,1.5426,415
2026-02-02 23:47:44.021,1.8495,0.2230,0.3625,0.0811,0.4681,0.0515,35
2026-02-02 23:47:44.230,1.0991,-0.2395,0.2475,0.5024,0.4776,1.5593,416
2026-02-02 23:47:44.231,1.8495,0.2230,0.3625,0.0811,0.4681,0.0515,35
2026-02-02 23:47:44.449,1.0991,-0.2395,0.2475,0.5062,0.4783,1.5709,417
2026-02-02 23:47:44.449,1.8495,0.2230,0.3625,0.0811,0.4681,0.0515,35
2026-02-02 23:47:44.648,1.0991,-0.2400,0.2475,0.5088,0.4788,1.5791,418
2026-02-02 23:47:44.648,1.8495,0.2230,0.3625,0.0811,0.4681,0.0515,35
2026-02-02 23:47:44.841,1.0935,-0.2475,0.2475,0.5062,0.4792,1.5814,419
2026-02-02 23:47:44.842,1.8495,0.2230,0.3625,0.0811,0.4681,0.0515,35
2026-02-02 23:47:45.063,1.0934,-0.2500,0.2525,0.5028,0.4824,1.5830,420
2026-02-02 23:47:45.064,1.8495,0.2230,0.3625,0.0811,0.4681,0.0515,35
2026-02-02 23:47:45.252,1.0934,-0.2500,0.2525,0.5005,0.4847,1.5841,421
2026-02-02 23:47:45.252,1.8495,0.2230,0.3625,0.0811,0.4681,0.0515,35
2026-02-02 23:47:45.467,1.0934,-0.2500,0.2525,0.4988,0.4863,1.5849,422
2026-02-02 23:47:45.468,1.8495,0.2230,0.3625,0.0811,0.4681,0.0515,35
2026-02-02 23:47:45.671,1.0934,-0.2550,0.2475,0.4947,0.4844,1.5855,423
2026-02-02 23:47:45.672,1.8495,0.2230,0.3625,0.0811,0.4681,0.0515,35
2026-02-02 23:47:45.908,1.0934,-0.2550,0.2575,0.4918,0.4891,1.5858,424
2026-02-02 23:47:45.908,1.8495,0.2230,0.3625,0.0811,0.4681,0.0515,35
2026-02-02 23:47:46.097,1.0934,-0.2550,0.2700,0.4897,0.4999,1.5861,425
2026-02-02 23:47:46.097,1.8495,0.2230,0.3625,0.0811,0.4681,0.0515,35
2026-02-02 23:47:46.305,1.0934,-0.2550,0.2700,0.4883,0.5074,1.5863,426
2026-02-02 23:47:46.306,1.8495,0.2230,0.3625,0.0811,0.4681,0.0515,35
2026-02-02 23:47:46.510,1.0934,-0.2500,0.2475,0.4933,0.4992,1.5864,427
2026-02-02 23:47:46.510,1.8495,0.2230,0.3625,0.0811,0.4681,0.0515,35
2026-02-02 23:47:46.707,1.0934,-0.2550,0.2475,0.4968,0.4934,1.5865,428
2026-02-02 23:47:46.707,1.8495,0.2230,0.3625,0.0811,0.4681,0.0515,35
2026-02-02 23:47:46.924,1.0953,-0.2525,0.2500,0.4978,0.4909,1.5877,429
2026-02-02 23:47:46.924,1.8495,0.2230,0.3625,0.0811,0.4681,0.0515,35
2026-02-02 23:47:47.113,1.0953,-0.2550,0.2500,0.4999,0.4891,1.5885,430
2026-02-02 23:47:47.114,1.8495,0.2230,0.3625,0.0811,0.4681,0.0515,35
2026-02-02 23:47:47.302,1.0953,-0.2550,0.2500,0.5015,0.4879,1.5891,431
2026-02-02 23:47:47.303,1.8495,0.2230,0.3625,0.0811,0.4681,0.0515,35
2026-02-02 23:47:47.494,1.0953,-0.2550,0.2500,0.5025,0.4870,1.5895,432
2026-02-02 23:47:47.494,1.8495,0.2230,0.3625,0.0811,0.4681,0.0515,35
2026-02-02 23:47:47.690,1.0953,-0.2550,0.2500,0.5033,0.4864,1.5898,433
2026-02-02 23:47:47.690,1.8495,0.2230,0.3625,0.0811,0.4681,0.0515,35
2026-02-02 23:47:47.905,1.0934,-0.2625,0.2500,0.4993,0.4860,1.5889,434
2026-02-02 23:47:47.906,1.8495,0.2230,0.3625,0.0811,0.4681,0.0515,35
2026-02-02 23:47:48.086,1.0934,-0.2625,0.2525,0.4965,0.4872,1.5882,435
2026-02-02 23:47:48.087,1.8495,0.2230,0.3625,0.0811,0.4681,0.0515,35
2026-02-02 23:47:48.308,1.0953,-0.2550,0.2525,0.4991,0.4880,1.5889,436
2026-02-02 23:47:48.308,1.8495,0.2230,0.3625,0.0811,0.4681,0.0515,35
2026-02-02 23:47:48.507,1.0964,-0.2550,0.2500,0.5008,0.4901,1.5900,437
2026-02-02 23:47:48.508,1.8495,0.2230,0.3625,0.0811,0.4681,0.0515,35
2026-02-02 23:47:48.699,1.0964,-0.2550,0.2450,0.5021,0.4886,1.5908,438
2026-02-02 23:47:48.699,1.8495,0.2230,0.3625,0.0811,0.4681,0.0515,35
2026-02-02 23:47:48.912,1.0964,-0.2550,0.2775,0.5030,0.5070,1.5914,439
2026-02-02 23:47:48.913,1.8495,0.2230,0.3625,0.0811,0.4681,0.0515,35
2026-02-02 23:47:49.123,1.1000,-0.2600,0.2775,0.5066,0.5199,1.5939,440
2026-02-02 23:47:49.123,1.8495,0.2230,0.3625,0.0811,0.4681,0.0515,35
2026-02-02 23:47:49.318,1.1000,-0.2600,0.2425,0.5091,0.5079,1.5957,441
2026-02-02 23:47:49.318,1.8495,0.2230,0.3625,0.0811,0.4681,0.0515,35
2026-02-02 23:47:49.557,1.1000,-0.2525,0.2425,0.5064,0.4996,1.5969,442
2026-02-02 23:47:49.558,1.8495,0.2230,0.3625,0.0811,0.4681,0.0515,35
2026-02-02 23:47:49.768,1.0999,-0.2525,0.2400,0.5045,0.4922,1.5978,443
2026-02-02 23:47:49.769,1.8495,0.2230,0.3625,0.0811,0.4681,0.0515,35
2026-02-02 23:47:49.966,1.0999,-0.2425,0.2400,0.5091,0.4870,1.5984,444
2026-02-02 23:47:49.966,1.8495,0.2230,0.3625,0.0811,0.4681,0.0515,35
2026-02-02 23:47:50.193,1.0999,-0.2384,0.2400,0.4253,0.4767,1.2868,446
2026-02-02 23:47:50.193,1.8495,0.2230,0.3625,0.0811,0.4681,0.0515,35
2026-02-02 23:47:50.402,1.0999,-0.2384,0.2400,0.3842,0.4716,1.1341,448
2026-02-02 23:47:50.402,1.8495,0.2230,0.3625,0.0811,0.4681,0.0515,35
2026-02-02 23:47:50.598,1.0999,-0.2369,0.2400,0.3661,0.4870,1.0593,450
2026-02-02 23:47:50.598,1.8495,0.2230,0.3625,0.0811,0.4681,0.0515,35
2026-02-02 23:47:50.768,1.0999,-0.2369,0.2425,0.3573,0.4960,1.0226,452
2026-02-02 23:47:50.769,1.8495,0.2230,0.3625,0.0811,0.4681,0.0515,35
2026-02-02 23:47:51.011,1.0999,-0.2369,0.2425,0.3530,0.5005,1.0046,454
2026-02-02 23:47:51.011,1.8495,0.2230,0.3625,0.0811,0.4681,0.0515,35
2026-02-02 23:47:51.214,1.0999,-0.2369,0.2425,0.3498,0.5026,0.9958,456
2026-02-02 23:47:51.215,1.8495,0.2230,0.3625,0.0811,0.4681,0.0515,35
2026-02-02 23:47:51.413,1.0999,-0.2394,0.2425,0.3508,0.5037,0.9915,458
2026-02-02 23:47:51.413,1.8495,0.2230,0.3625,0.0811,0.4681,0.0515,35
2026-02-02 23:47:51.610,1.0999,-0.2394,0.2425,0.3565,0.5042,0.9894,460
2026-02-02 23:47:51.610,1.8495,0.2230,0.3625,0.0811,0.4681,0.0515,35
2026-02-02 23:47:51.768,1.0999,-0.2394,0.2425,0.3594,0.5045,0.9884,462
2026-02-02 23:47:51.768,1.8495,0.2230,0.3625,0.0811,0.4681,0.0515,35
2026-02-02 23:47:52.020,1.0999,-0.2394,0.2425,0.3607,0.5046,0.9879,464
2026-02-02 23:47:52.021,1.8495,0.2230,0.3625,0.0811,0.4681,0.0515,35
2026-02-02 23:47:52.221,1.0999,-0.2494,0.2425,0.3584,0.4826,0.9867,466
2026-02-02 23:47:52.222,1.8495,0.2230,0.3625,0.0811,0.4681,0.0515,35
2026-02-02 23:47:52.409,1.0999,-0.2494,0.2425,0.3573,0.4939,0.9870,468
2026-02-02 23:47:52.410,1.8495,0.2230,0.3625,0.0811,0.4681,0.0515,35
2026-02-02 23:47:52.606,1.0999,-0.2494,0.2425,0.4076,0.4897,1.1709,469
2026-02-02 23:47:52.606,1.8495,0.2230,0.3625,0.0811,0.4681,0.0515,35
2026-02-02 23:47:52.832,1.0999,-0.2494,0.2425,0.4428,0.4868,1.2996,470
2026-02-02 23:47:52.833,1.8495,0.2230,0.3625,0.0811,0.4681,0.0515,35
2026-02-02 23:47:53.039,1.0999,-0.2494,0.2425,0.4675,0.4848,1.3897,471
2026-02-02 23:47:53.040,1.8495,0.2230,0.3625,0.0811,0.4681,0.0515,35
2026-02-02 23:47:53.239,1.0963,-0.2619,0.2575,0.4022,0.5050,1.1812,473
2026-02-02 23:47:53.240,1.8495,0.2230,0.3625,0.0811,0.4681,0.0515,35
2026-02-02 23:47:53.451,1.0963,-0.2619,0.2575,0.3702,0.5149,1.0791,475
2026-02-02 23:47:53.452,1.8495,0.2230,0.3625,0.0811,0.4681,0.0515,35
2026-02-02 23:47:53.673,1.0963,-0.2619,0.2550,0.3545,0.5182,1.0290,477
2026-02-02 23:47:53.673,1.8495,0.2230,0.3625,0.0811,0.4681,0.0515,35
2026-02-02 23:47:53.890,1.0955,-0.2619,0.2575,0.3981,0.5158,1.1976,478
2026-02-02 23:47:53.890,1.8495,0.2230,0.3625,0.0811,0.4681,0.0515,35
2026-02-02 23:47:54.085,1.0955,-0.2619,0.2575,0.4287,0.5140,1.3157,479
2026-02-02 23:47:54.085,1.8495,0.2230,0.3625,0.0811,0.4681,0.0515,35
2026-02-02 23:47:54.296,1.0955,-0.2619,0.2575,0.4501,0.5128,1.3983,480
2026-02-02 23:47:54.296,1.8495,0.2230,0.3625,0.0811,0.4681,0.0515,35
2026-02-02 23:47:54.525,1.0955,-0.2619,0.2550,0.4651,0.5105,1.4561,481
2026-02-02 23:47:54.525,1.8495,0.2230,0.3625,0.0811,0.4681,0.0515,35
2026-02-02 23:47:54.700,1.0955,-0.2619,0.2575,0.3968,0.4882,1.2123,483
2026-02-02 23:47:54.700,1.8495,0.2230,0.3625,0.0811,0.4681,0.0515,35
2026-02-02 23:47:54.901,1.0955,-0.2669,0.2550,0.4307,0.4932,1.3260,484
2026-02-02 23:47:54.901,1.8495,0.2230,0.3625,0.0811,0.4681,0.0515,35
2026-02-02 23:47:55.102,1.0955,-0.2669,0.2550,0.4545,0.4968,1.4055,485
2026-02-02 23:47:55.102,1.8495,0.2230,0.3625,0.0811,0.4681,0.0515,35
2026-02-02 23:47:55.302,1.0955,-0.2594,0.2800,0.4757,0.5142,1.4612,486
2026-02-02 23:47:55.302,1.8495,0.2230,0.3625,0.0811,0.4681,0.0515,35
2026-02-02 23:47:55.511,1.0955,-0.2594,0.2800,0.4905,0.5265,1.5001,487
2026-02-02 23:47:55.512,1.8495,0.2230,0.3625,0.0811,0.4681,0.0515,35
2026-02-02 23:47:55.713,1.0955,-0.2594,0.2800,0.5008,0.5350,1.5274,488
2026-02-02 23:47:55.713,1.8495,0.2230,0.3625,0.0811,0.4681,0.0515,35
2026-02-02 23:47:55.920,1.0955,-0.2569,0.2800,0.5066,0.5410,1.5465,489
2026-02-02 23:47:55.921,1.8495,0.2230,0.3625,0.0811,0.4681,0.0515,35
2026-02-02 23:47:56.122,1.0955,-0.2600,0.2800,0.5121,0.5452,1.5599,490
2026-02-02 23:47:56.293,1.0955,-0.2657,0.2975,0.5190,0.5586,1.5692,491
2026-02-02 23:47:56.535,1.0955,-0.2582,0.2975,0.5223,0.5681,1.5758,492
2026-02-02 23:47:56.727,1.0955,-0.2657,0.2975,0.5201,0.5746,1.5804,493
2026-02-02 23:47:56.929,1.0955,-0.2639,0.2975,0.5201,0.5792,1.5836,494
2026-02-02 23:47:57.129,1.0955,-0.2539,0.2975,0.5200,0.5825,1.5858,495
2026-02-02 23:47:57.331,1.0955,-0.2589,0.2975,0.5170,0.5847,1.5874,496
2026-02-02 23:47:57.331,1.8523,0.2236,0.1775,0.1093,0.3048,0.0572,4
2026-02-02 23:47:57.520,1.0955,-0.2589,0.2625,0.5149,0.5653,1.5885,497
2026-02-02 23:47:57.521,1.8523,0.2236,0.1775,0.1093,0.3048,0.0572,4
2026-02-02 23:47:57.740,1.0955,-0.2564,0.2625,0.4278,0.5338,1.2746,499
2026-02-02 23:47:57.741,1.8523,0.2236,0.1775,0.1093,0.3048,0.0572,4
2026-02-02 23:47:57.954,1.0991,-0.2564,0.2625,0.4540,0.5297,1.3716,500
2026-02-02 23:47:57.954,1.8523,0.2236,0.1775,0.1093,0.3048,0.0572,4
2026-02-02 23:47:58.130,1.0991,-0.2639,0.2500,0.4035,0.5088,1.1702,502
2026-02-02 23:47:58.130,1.8523,0.2236,0.1775,0.1093,0.3048,0.0572,4
2026-02-02 23:47:58.338,1.0991,-0.2564,0.2500,0.4459,0.5047,1.2985,503
2026-02-02 23:47:58.338,1.8523,0.2236,0.1775,0.1093,0.3048,0.0572,4
2026-02-02 23:47:58.578,1.0991,-0.2539,0.2500,0.4742,0.5018,1.3884,504
2026-02-02 23:47:58.579,1.8523,0.2236,0.1775,0.1093,0.3048,0.0572,4
2026-02-02 23:47:58.750,1.0991,-0.2539,0.2975,0.4939,0.5282,1.4513,505
2026-02-02 23:47:58.750,1.8523,0.2236,0.1775,0.1093,0.3048,0.0572,4
2026-02-02 23:47:58.971,1.0990,-0.2614,0.2975,0.5032,0.5468,1.4953,506
2026-02-02 23:47:58.971,1.8523,0.2236,0.1775,0.1093,0.3048,0.0572,4
2026-02-02 23:47:59.173,1.0990,-0.2590,0.2625,0.4272,0.5153,1.2308,508
2026-02-02 23:47:59.174,1.8523,0.2236,0.1775,0.1093,0.3048,0.0572,4
2026-02-02 23:47:59.380,1.0990,-0.2565,0.2425,0.3884,0.4878,1.1012,510
2026-02-02 23:47:59.380,1.8523,0.2236,0.1775,0.1093,0.3048,0.0572,4
2026-02-02 23:47:59.586,1.0990,-0.2565,0.2425,0.3694,0.4754,1.0377,512
2026-02-02 23:47:59.587,1.8523,0.2236,0.1775,0.1093,0.3048,0.0572,4
2026-02-02 23:47:59.781,1.0990,-0.2540,0.2375,0.3586,0.4643,1.0096,514
2026-02-02 23:47:59.781,1.8523,0.2236,0.1775,0.1093,0.3048,0.0572,4
2026-02-02 23:47:59.978,1.0990,-0.2565,0.2375,0.3548,0.4598,0.9958,516
2026-02-02 23:47:59.978,1.8523,0.2236,0.1775,0.1093,0.3048,0.0572,4
2026-02-02 23:48:00.185,1.0990,-0.2490,0.2375,0.3545,0.4566,0.9891,518
2026-02-02 23:48:00.185,1.8523,0.2236,0.1775,0.1093,0.3048,0.0572,4
2026-02-02 23:48:00.353,1.0990,-0.2440,0.2375,0.3603,0.4561,0.9858,520
2026-02-02 23:48:00.353,1.8523,0.2236,0.1775,0.1093,0.3048,0.0572,4
2026-02-02 23:48:00.588,1.0990,-0.2490,0.2375,0.3624,0.4569,0.9842,522
2026-02-02 23:48:00.588,1.8523,0.2236,0.1775,0.1093,0.3048,0.0572,4
2026-02-02 23:48:00.788,1.0990,-0.2490,0.2375,0.4112,0.4608,1.1683,523
2026-02-02 23:48:00.788,1.8523,0.2236,0.1775,0.1093,0.3048,0.0572,4
2026-02-02 23:48:00.950,1.0990,-0.2515,0.2425,0.4468,0.4666,1.2973,524
2026-02-02 23:48:00.951,1.8523,0.2236,0.1775,0.1093,0.3048,0.0572,4
2026-02-02 23:48:01.191,1.0990,-0.2490,0.2425,0.4733,0.4706,1.3875,525
2026-02-02 23:48:01.191,1.8523,0.2236,0.1775,0.1093,0.3048,0.0572,4
2026-02-02 23:48:01.392,1.0990,-0.2515,0.2425,0.4903,0.4734,1.4507,526
2026-02-02 23:48:01.393,1.8523,0.2236,0.1775,0.1093,0.3048,0.0572,4
2026-02-02 23:48:01.570,1.0990,-0.2518,0.2400,0.5007,0.4739,1.4949,527
2026-02-02 23:48:01.570,1.8523,0.2236,0.1775,0.1093,0.3048,0.0572,4
2026-02-02 23:48:01.806,1.0990,-0.2493,0.2425,0.5065,0.4757,1.5258,528
2026-02-02 23:48:01.807,1.8523,0.2236,0.1775,0.1093,0.3048,0.0572,4
2026-02-02 23:48:02.013,1.0990,-0.2518,0.2425,0.5090,0.4770,1.5475,529
2026-02-02 23:48:02.013,1.8523,0.2236,0.1775,0.1093,0.3048,0.0572,4
2026-02-02 23:48:02.219,1.0990,-0.2518,0.2525,0.5108,0.4839,1.5627,530
2026-02-02 23:48:02.219,1.8523,0.2236,0.1775,0.1093,0.3048,0.0572,4
2026-02-02 23:48:02.409,1.0990,-0.2518,0.2525,0.5121,0.4887,1.5733,531
2026-02-02 23:48:02.410,1.8523,0.2236,0.1775,0.1093,0.3048,0.0572,4
2026-02-02 23:48:02.585,1.0990,-0.2618,0.2525,0.5130,0.4921,1.5807,532
2026-02-02 23:48:02.586,1.8523,0.2236,0.1775,0.1093,0.3048,0.0572,4
2026-02-02 23:48:02.788,1.0990,-0.2618,0.2750,0.5136,0.5080,1.5859,533
2026-02-02 23:48:02.789,1.8523,0.2236,0.1775,0.1093,0.3048,0.0572,4
2026-02-02 23:48:03.016,1.0990,-0.2618,0.2750,0.5140,0.5191,1.5896,534
2026-02-02 23:48:03.017,1.8523,0.2236,0.1775,0.1093,0.3048,0.0572,4
2026-02-02 23:48:03.223,1.0957,-0.2618,0.2775,0.5143,0.5284,1.5901,535
2026-02-02 23:48:03.223,1.8523,0.2236,0.1775,0.1093,0.3048,0.0572,4
2026-02-02 23:48:03.424,1.0994,-0.2618,0.2775,0.5145,0.5349,1.5927,536
2026-02-02 23:48:03.424,1.8523,0.2236,0.1775,0.1093,0.3048,0.0572,4
2026-02-02 23:48:03.624,1.0994,-0.2618,0.2775,0.5147,0.5394,1.5945,537
2026-02-02 23:48:03.624,1.8523,0.2236,0.1775,0.1093,0.3048,0.0572,4
2026-02-02 23:48:03.817,1.0994,-0.2593,0.2775,0.5163,0.5426,1.5958,538
2026-02-02 23:48:03.817,1.8523,0.2236,0.1775,0.1093,0.3048,0.0572,4
2026-02-02 23:48:04.027,1.0994,-0.2593,0.2450,0.5174,0.5253,1.5967,539
2026-02-02 23:48:04.027,1.8523,0.2236,0.1775,0.1093,0.3048,0.0572,4
2026-02-02 23:48:04.202,1.0994,-0.2618,0.2450,0.5167,0.5132,1.5973,540
2026-02-02 23:48:04.203,1.8523,0.2236,0.1775,0.1093,0.3048,0.0572,4
2026-02-02 23:48:04.401,1.0994,-0.2618,0.2400,0.5162,0.5017,1.5978,541
2026-02-02 23:48:04.402,1.8523,0.2236,0.1775,0.1093,0.3048,0.0572,4
2026-02-02 23:48:04.659,1.0994,-0.2618,0.2450,0.5158,0.4967,1.5981,542
2026-02-02 23:48:04.660,1.8523,0.2236,0.1775,0.1093,0.3048,0.0572,4
2026-02-02 23:48:04.852,1.0994,-0.2618,0.2450,0.5156,0.4932,1.5983,543
2026-02-02 23:48:04.852,1.8523,0.2236,0.1775,0.1093,0.3048,0.0572,4
2026-02-02 23:48:05.035,1.0994,-0.2618,0.2450,0.5154,0.4907,1.5984,544
2026-02-02 23:48:05.035,1.8523,0.2236,0.1775,0.1093,0.3048,0.0572,4
2026-02-02 23:48:05.273,1.0994,-0.2618,0.2475,0.5153,0.4905,1.5985,545
2026-02-02 23:48:05.274,1.8523,0.2236,0.1775,0.1093,0.3048,0.0572,4
2026-02-02 23:48:05.474,1.0994,-0.2493,0.2475,0.5077,0.4904,1.5986,546
2026-02-02 23:48:05.475,1.8523,0.2236,0.1775,0.1093,0.3048,0.0572,4
2026-02-02 23:48:05.675,1.0994,-0.2493,0.2475,0.5024,0.4903,1.5986,547
2026-02-02 23:48:05.675,1.8523,0.2236,0.1775,0.1093,0.3048,0.0572,4
2026-02-02 23:48:05.865,1.0994,-0.2493,0.2475,0.4987,0.4902,1.5987,548
2026-02-02 23:48:05.866,1.8523,0.2236,0.1775,0.1093,0.3048,0.0572,4
2026-02-02 23:48:06.115,1.0994,-0.2468,0.2450,0.4976,0.4886,1.5987,549
2026-02-02 23:48:06.115,1.8523,0.2236,0.1775,0.1093,0.3048,0.0572,4
2026-02-02 23:48:06.247,1.0994,-0.2493,0.2525,0.4983,0.4920,1.5987,550
2026-02-02 23:48:06.247,1.8523,0.2236,0.1775,0.1093,0.3048,0.0572,4
2026-02-02 23:48:06.498,1.0994,-0.2518,0.2400,0.4973,0.4869,1.5987,551
2026-02-02 23:48:06.499,1.8523,0.2236,0.1775,0.1093,0.3048,0.0572,4
2026-02-02 23:48:06.693,1.0994,-0.2518,0.2400,0.4966,0.4833,1.5987,552
2026-02-02 23:48:06.693,1.8523,0.2236,0.1775,0.1093,0.3048,0.0572,4
2026-02-02 23:48:06.883,1.0994,-0.2518,0.2400,0.4961,0.4808,1.5988,553
2026-02-02 23:48:06.883,1.8523,0.2236,0.1775,0.1093,0.3048,0.0572,4
2026-02-02 23:48:07.122,1.0994,-0.2504,0.2425,0.4943,0.4806,1.5988,554
2026-02-02 23:48:07.122,1.0964,0.2021,0.1700,0.1170,0.3109,0.5092,5
2026-02-02 23:48:07.306,1.0994,-0.2504,0.2475,0.4930,0.4834,1.5988,555
2026-02-02 23:48:07.307,1.0964,0.2071,0.1725,0.1254,0.3166,0.8256,6
2026-02-02 23:48:07.517,1.0994,-0.2579,0.2475,0.4966,0.4854,1.5988,556
2026-02-02 23:48:07.518,1.8496,0.2296,0.1725,0.1178,0.3206,0.5939,7
2026-02-02 23:48:07.718,1.0994,-0.2579,0.2475,0.4991,0.4868,1.5988,557
2026-02-02 23:48:07.719,1.8496,0.2296,0.1725,0.1125,0.3234,0.4317,8
2026-02-02 23:48:07.916,1.0994,-0.2579,0.2475,0.5009,0.4877,1.5988,558
2026-02-02 23:48:07.916,1.8496,0.2296,0.1700,0.1087,0.3239,0.3181,9
2026-02-02 23:48:08.130,1.0994,-0.2520,0.2475,0.5051,0.4884,1.5988,559
2026-02-02 23:48:08.130,1.8496,0.2296,0.1700,0.1087,0.3239,0.3181,9
2026-02-02 23:48:08.323,1.0994,-0.2545,0.2475,0.5096,0.4889,1.5988,560
2026-02-02 23:48:08.323,1.8496,0.2296,0.1700,0.1087,0.3239,0.3181,9
2026-02-02 23:48:08.513,1.0994,-0.2545,0.2475,0.4267,0.4779,1.2838,562
2026-02-02 23:48:08.514,1.8496,0.2296,0.1700,0.1087,0.3239,0.3181,9
2026-02-02 23:48:08.713,1.0994,-0.2620,0.2425,0.3906,0.4695,1.1295,564
2026-02-02 23:48:08.714,1.8496,0.2296,0.1700,0.1087,0.3239,0.3181,9
2026-02-02 23:48:08.914,1.0954,-0.2645,0.2425,0.3724,0.4654,1.0514,566
2026-02-02 23:48:08.915,1.8496,0.2296,0.1700,0.1087,0.3239,0.3181,9
2026-02-02 23:48:09.128,1.0954,-0.2645,0.2375,0.4197,0.4668,1.2132,567
2026-02-02 23:48:09.129,1.8496,0.2296,0.1700,0.1087,0.3239,0.3181,9
2026-02-02 23:48:09.354,1.0954,-0.2645,0.2375,0.4528,0.4678,1.3264,568
2026-02-02 23:48:09.354,1.8496,0.2296,0.1700,0.1087,0.3239,0.3181,9
2026-02-02 23:48:09.516,1.0954,-0.2570,0.2375,0.4715,0.4684,1.4057,569
2026-02-02 23:48:09.517,1.8496,0.2296,0.1700,0.1087,0.3239,0.3181,9
2026-02-02 23:48:09.761,1.0954,-0.2570,0.2375,0.4845,0.4689,1.4612,570
2026-02-02 23:48:09.761,1.8496,0.2296,0.1700,0.1087,0.3239,0.3181,9
2026-02-02 23:48:09.967,1.0954,-0.2570,0.2375,0.4937,0.4692,1.5000,571
2026-02-02 23:48:09.967,1.8496,0.2296,0.1700,0.1087,0.3239,0.3181,9
2026-02-02 23:48:10.188,1.0954,-0.2570,0.2400,0.5001,0.4710,1.5272,572
2026-02-02 23:48:10.188,1.8496,0.2296,0.1700,0.1087,0.3239,0.3181,9
2026-02-02 23:48:10.391,1.0984,-0.2570,0.2475,0.5045,0.4767,1.5481,573
2026-02-02 23:48:10.391,1.8496,0.2296,0.1700,0.1087,0.3239,0.3181,9
2026-02-02 23:48:10.551,1.0984,-0.2570,0.2475,0.5077,0.4807,1.5626,574
2026-02-02 23:48:10.551,1.8496,0.2296,0.1700,0.1087,0.3239,0.3181,9
2026-02-02 23:48:10.778,1.0984,-0.2570,0.2475,0.5099,0.4835,1.5729,575
2026-02-02 23:48:10.778,1.8496,0.2296,0.1700,0.1087,0.3239,0.3181,9
2026-02-02 23:48:10.990,1.0984,-0.2570,0.2575,0.5114,0.4914,1.5800,576
2026-02-02 23:48:10.990,1.8496,0.2296,0.1700,0.1087,0.3239,0.3181,9
2026-02-02 23:48:11.181,1.0984,-0.2545,0.2575,0.5140,0.4970,1.5850,577
2026-02-02 23:48:11.181,1.8496,0.2296,0.1700,0.1087,0.3239,0.3181,9
2026-02-02 23:48:11.352,1.0984,-0.2545,0.2425,0.5158,0.4919,1.5885,578
2026-02-02 23:48:11.352,1.8537,0.1955,0.3350,0.1001,0.3812,0.2411,10
2026-02-02 23:48:11.577,1.0984,-0.2545,0.2975,0.5171,0.5213,1.5909,579
2026-02-02 23:48:11.577,1.8537,0.1955,0.3350,0.0941,0.4214,0.1871,11
2026-02-02 23:48:11.798,1.0984,-0.2420,0.2975,0.5224,0.5419,1.5927,580
2026-02-02 23:48:11.798,1.8537,0.1880,0.3350,0.0944,0.4495,0.1494,12
2026-02-02 23:48:11.982,1.0984,-0.2545,0.2975,0.5187,0.5564,1.5939,581
2026-02-02 23:48:11.982,1.8537,0.1880,0.3350,0.0944,0.4495,0.1494,12
2026-02-02 23:48:12.211,1.0984,-0.2495,0.2975,0.5281,0.5664,1.5947,582
2026-02-02 23:48:12.212,1.8537,0.1880,0.3350,0.0944,0.4495,0.1494,12
2026-02-02 23:48:12.372,1.0984,-0.2495,0.2975,0.5347,0.5735,1.5953,583
2026-02-02 23:48:12.373,1.8537,0.1880,0.3350,0.0944,0.4495,0.1494,12
2026-02-02 23:48:12.592,1.0994,-0.2495,0.2975,0.5393,0.5785,1.5963,584
2026-02-02 23:48:12.592,1.8537,0.1880,0.3350,0.0944,0.4495,0.1494,12
2026-02-02 23:48:12.800,1.0994,-0.2495,0.3025,0.5425,0.5789,1.5970,585
2026-02-02 23:48:12.800,1.8537,0.1880,0.3350,0.0944,0.4495,0.1494,12
2026-02-02 23:48:13.040,1.0994,-0.2520,0.3025,0.5432,0.5792,1.5975,586
2026-02-02 23:48:13.040,1.8537,0.1880,0.3350,0.0944,0.4495,0.1494,12
2026-02-02 23:48:13.248,1.0994,-0.2545,0.3025,0.5453,0.5795,1.5978,587
2026-02-02 23:48:13.249,1.8537,0.1880,0.3350,0.0944,0.4495,0.1494,12
2026-02-02 23:48:13.438,1.0994,-0.2445,0.3025,0.5407,0.5796,1.5981,588
2026-02-02 23:48:13.438,1.8537,0.1880,0.3350,0.0944,0.4495,0.1494,12
2026-02-02 23:48:13.643,1.0994,-0.2412,0.3025,0.5360,0.5797,1.5982,589
2026-02-02 23:48:13.643,1.8537,0.1880,0.3350,0.0944,0.4495,0.1494,12
2026-02-02 23:48:13.824,1.0994,-0.2412,0.3025,0.5327,0.5798,1.5983,590
2026-02-02 23:48:13.824,1.8537,0.1880,0.3350,0.0944,0.4495,0.1494,12
2026-02-02 23:48:14.039,1.0984,-0.2487,0.3025,0.5259,0.5799,1.5978,591
2026-02-02 23:48:14.040,1.8537,0.1880,0.3350,0.0944,0.4495,0.1494,12
2026-02-02 23:48:14.251,1.0984,-0.2487,0.2675,0.5211,0.5589,1.5974,592
2026-02-02 23:48:14.251,1.8537,0.1880,0.3350,0.0944,0.4495,0.1494,12
2026-02-02 23:48:14.497,1.0984,-0.2487,0.2650,0.5178,0.5457,1.5972,593
2026-02-02 23:48:14.497,1.8537,0.1880,0.3350,0.0944,0.4495,0.1494,12
2026-02-02 23:48:14.626,1.0984,-0.2487,0.2650,0.5154,0.5365,1.5970,594
2026-02-02 23:48:14.626,1.8537,0.1880,0.3350,0.0944,0.4495,0.1494,12
2026-02-02 23:48:14.851,1.0984,-0.2487,0.2575,0.5138,0.5256,1.5968,595
2026-02-02 23:48:14.851,1.8537,0.1963,0.4300,0.1050,0.4121,0.1229,13
2026-02-02 23:48:15.089,1.0984,-0.2487,0.2575,0.5127,0.5179,1.5967,596
2026-02-02 23:48:15.090,1.8537,0.1963,0.4300,0.1050,0.4121,0.1229,13
2026-02-02 23:48:15.289,1.0984,-0.2462,0.2600,0.5134,0.5140,1.5967,597
2026-02-02 23:48:15.289,1.8537,0.1963,0.4300,0.1050,0.4121,0.1229,13
2026-02-02 23:48:15.503,1.0984,-0.2462,0.2975,0.5139,0.5368,1.5967,598
2026-02-02 23:48:15.504,1.8537,0.1963,0.4300,0.1050,0.4121,0.1229,13
2026-02-02 23:48:15.684,1.0984,-0.2537,0.3000,0.5187,0.5513,1.5966,599
2026-02-02 23:48:15.685,1.8537,0.1963,0.4300,0.1050,0.4121,0.1229,13
2026-02-02 23:48:15.860,1.0946,-0.2537,0.3000,0.5221,0.5614,1.5943,600
2026-02-02 23:48:15.861,1.8537,0.1963,0.4300,0.1050,0.4121,0.1229,13
2026-02-02 23:48:16.082,1.0946,-0.2562,0.3000,0.5230,0.5685,1.5926,601
2026-02-02 23:48:16.082,1.8537,0.1963,0.4300,0.1050,0.4121,0.1229,13
2026-02-02 23:48:16.300,1.0945,-0.2587,0.3000,0.5221,0.5734,1.5915,602
2026-02-02 23:48:16.301,1.8537,0.1963,0.4300,0.1050,0.4121,0.1229,13
2026-02-02 23:48:16.475,1.0945,-0.2587,0.3000,0.5215,0.5769,1.5908,603
2026-02-02 23:48:16.475,1.8537,0.1963,0.4300,0.1050,0.4121,0.1229,13
2026-02-02 23:48:16.689,1.0945,-0.2587,0.3000,0.5210,0.5793,1.5902,604
2026-02-02 23:48:16.690,1.8537,0.1963,0.4300,0.1050,0.4121,0.1229,13
2026-02-02 23:48:16.912,1.0945,-0.2662,0.3000,0.5162,0.5810,1.5898,605
2026-02-02 23:48:16.913,1.8537,0.1963,0.4300,0.1050,0.4121,0.1229,13
2026-02-02 23:48:17.115,1.0945,-0.2662,0.2600,0.5128,0.5582,1.5896,606
2026-02-02 23:48:17.116,1.8537,0.1963,0.4300,0.1050,0.4121,0.1229,13
2026-02-02 23:48:17.327,1.0945,-0.2662,0.3000,0.5105,0.5663,1.5894,607
2026-02-02 23:48:17.328,1.8537,0.1963,0.4300,0.1050,0.4121,0.1229,13
2026-02-02 23:48:17.541,1.0932,-0.2662,0.2600,0.5088,0.5479,1.5885,608
2026-02-02 23:48:17.541,1.8537,0.1963,0.4300,0.1050,0.4121,0.1229,13
2026-02-02 23:48:17.708,1.0993,-0.2587,0.2600,0.5062,0.5350,1.5915,609
2026-02-02 23:48:17.708,1.8537,0.1963,0.4300,0.1050,0.4121,0.1229,13
2026-02-02 23:48:17.926,1.0993,-0.2562,0.2600,0.5028,0.5260,1.5936,610
2026-02-02 23:48:17.927,1.8537,0.1963,0.4300,0.1050,0.4121,0.1229,13
2026-02-02 23:48:18.171,1.0993,-0.2587,0.2575,0.5020,0.5182,1.5950,611
2026-02-02 23:48:18.171,1.8535,0.2238,0.2725,0.1050,0.4445,0.1056,14
2026-02-02 23:48:18.367,1.0993,-0.2587,0.2400,0.5014,0.5022,1.5961,612
2026-02-02 23:48:18.368,1.8535,0.2038,0.2775,0.1170,0.4701,0.0934,15
2026-02-02 23:48:18.535,1.0993,-0.2587,0.2400,0.5010,0.4911,1.5968,613
2026-02-02 23:48:18.536,1.8535,0.2038,0.2775,0.1170,0.4701,0.0934,15
2026-02-02 23:48:18.758,1.0993,-0.2588,0.2425,0.5007,0.4848,1.5973,614
2026-02-02 23:48:18.758,1.8535,0.2038,0.2775,0.1170,0.4701,0.0934,15
2026-02-02 23:48:18.968,1.0993,-0.2588,0.2425,0.5005,0.4803,1.5976,615
2026-02-02 23:48:18.968,1.8535,0.2038,0.2775,0.1170,0.4701,0.0934,15
2026-02-02 23:48:19.167,1.0993,-0.2588,0.2425,0.5003,0.4772,1.5979,616
2026-02-02 23:48:19.167,1.8535,0.2038,0.2775,0.1170,0.4701,0.0934,15
2026-02-02 23:48:19.358,1.0993,-0.2563,0.2425,0.4987,0.4751,1.5981,617
2026-02-02 23:48:19.358,1.8535,0.2038,0.2775,0.1170,0.4701,0.0934,15
2026-02-02 23:48:19.530,1.0993,-0.2563,0.2300,0.4976,0.4660,1.5982,618
2026-02-02 23:48:19.531,1.8535,0.2038,0.2775,0.1170,0.4701,0.0934,15
2026-02-02 23:48:19.757,1.0993,-0.2632,0.2425,0.4998,0.4642,1.5983,619
2026-02-02 23:48:19.757,1.8535,0.2038,0.2775,0.1170,0.4701,0.0934,15
2026-02-02 23:48:19.979,1.0993,-0.2582,0.2475,0.4984,0.4660,1.5983,620
2026-02-02 23:48:19.979,1.8535,0.2038,0.2775,0.1170,0.4701,0.0934,15
2026-02-02 23:48:20.182,1.0993,-0.2557,0.2475,0.4959,0.4672,1.5984,621
2026-02-02 23:48:20.183,1.8535,0.2038,0.2775,0.1170,0.4701,0.0934,15
2026-02-02 23:48:20.376,1.0993,-0.2557,0.2475,0.4941,0.4680,1.5984,622
2026-02-02 23:48:20.376,1.8535,0.2038,0.2775,0.1170,0.4701,0.0934,15
2026-02-02 23:48:20.593,1.0993,-0.2657,0.2550,0.4989,0.4731,1.5984,623
2026-02-02 23:48:20.594,1.8535,0.2038,0.2775,0.1170,0.4701,0.0934,15
2026-02-02 23:48:20.774,1.0993,-0.2657,0.2550,0.5022,0.4767,1.5984,624
2026-02-02 23:48:20.775,1.8535,0.2038,0.2775,0.1170,0.4701,0.0934,15
2026-02-02 23:48:21.023,1.0993,-0.2657,0.2575,0.5045,0.4807,1.5984,625
2026-02-02 23:48:21.023,1.8535,0.2038,0.2775,0.1170,0.4701,0.0934,15
2026-02-02 23:48:21.260,1.0993,-0.2632,0.2550,0.5077,0.4850,1.5985,626
2026-02-02 23:48:21.261,1.8535,0.2038,0.2775,0.1170,0.4701,0.0934,15
2026-02-02 23:48:21.418,1.0992,-0.2682,0.2525,0.5129,0.4895,1.5985,627
2026-02-02 23:48:21.418,1.8535,0.2038,0.2775,0.1170,0.4701,0.0934,15
2026-02-02 23:48:21.647,1.0992,-0.2607,0.2525,0.5120,0.4926,1.5985,628
2026-02-02 23:48:21.648,1.8535,0.2038,0.2775,0.1170,0.4701,0.0934,15
2026-02-02 23:48:21.837,1.0992,-0.2607,0.2525,0.5114,0.4948,1.5985,629
2026-02-02 23:48:21.837,1.8535,0.2038,0.2775,0.1170,0.4701,0.0934,15
2026-02-02 23:48:22.051,1.0992,-0.2607,0.2800,0.5110,0.5129,1.5985,630
2026-02-02 23:48:22.051,1.8535,0.2038,0.2775,0.1170,0.4701,0.0934,15
2026-02-02 23:48:22.265,1.0992,-0.2607,0.2600,0.5107,0.5135,1.5985,631
2026-02-02 23:48:22.266,1.8535,0.2038,0.2775,0.1170,0.4701,0.0934,15
2026-02-02 23:48:22.451,1.0992,-0.2607,0.2600,0.5105,0.5140,1.5985,632
2026-02-02 23:48:22.452,1.8535,0.2038,0.2775,0.1170,0.4701,0.0934,15
2026-02-02 23:48:22.662,1.0992,-0.2607,0.2600,0.5103,0.5143,1.5985,633
2026-02-02 23:48:22.662,1.8535,0.2038,0.2775,0.1170,0.4701,0.0934,15
2026-02-02 23:48:22.853,1.0992,-0.2607,0.2600,0.5102,0.5145,1.5985,634
2026-02-02 23:48:22.853,1.8535,0.2038,0.2775,0.1170,0.4701,0.0934,15
2026-02-02 23:48:23.064,1.0991,-0.2582,0.2600,0.5087,0.5146,1.5984,635
2026-02-02 23:48:23.065,1.8535,0.2038,0.2775,0.1170,0.4701,0.0934,15
2026-02-02 23:48:23.282,1.0991,-0.2607,0.2975,0.5061,0.5373,1.5983,636
2026-02-02 23:48:23.282,1.8535,0.2038,0.2775,0.1170,0.4701,0.0934,15
2026-02-02 23:48:23.477,1.0991,-0.2607,0.2525,0.5042,0.5261,1.5983,637
2026-02-02 23:48:23.478,1.8535,0.2038,0.2775,0.1170,0.4701,0.0934,15
2026-02-02 23:48:23.686,1.0991,-0.2607,0.2525,0.5030,0.5183,1.5982,638
2026-02-02 23:48:23.686,1.8535,0.2038,0.2775,0.1170,0.4701,0.0934,15
2026-02-02 23:48:23.838,1.0991,-0.2657,0.2525,0.4991,0.5128,1.5982,639
2026-02-02 23:48:23.838,1.8535,0.2038,0.2775,0.1170,0.4701,0.0934,15
2026-02-02 23:48:24.091,1.0991,-0.2607,0.2550,0.4934,0.5104,1.5982,640
2026-02-02 23:48:24.091,1.8535,0.2038,0.2775,0.1170,0.4701,0.0934,15
2026-02-02 23:48:24.303,1.0991,-0.2607,0.2550,0.4893,0.5088,1.5982,641
2026-02-02 23:48:24.304,1.8535,0.2038,0.2775,0.1170,0.4701,0.0934,15
2026-02-02 23:48:24.494,1.0991,-0.2537,0.2425,0.4895,0.5002,1.5982,642
2026-02-02 23:48:24.495,1.8535,0.2038,0.2775,0.1170,0.4701,0.0934,15
2026-02-02 23:48:24.722,1.0991,-0.2612,0.2425,0.4942,0.4941,1.5982,643
2026-02-02 23:48:24.723,1.8535,0.2038,0.2775,0.1170,0.4701,0.0934,15
2026-02-02 23:48:24.916,1.0975,-0.2637,0.2450,0.4989,0.4914,1.5972,644
2026-02-02 23:48:24.917,1.8535,0.2038,0.2775,0.1170,0.4701,0.0934,15
2026-02-02 23:48:25.109,1.0975,-0.2662,0.2750,0.4977,0.5075,1.5966,645
2026-02-02 23:48:25.109,1.8535,0.2038,0.2775,0.1170,0.4701,0.0934,15
2026-02-02 23:48:25.294,1.0975,-0.2612,0.2775,0.4939,0.5202,1.5961,646
2026-02-02 23:48:25.294,1.8535,0.2038,0.2775,0.1170,0.4701,0.0934,15
2026-02-02 23:48:25.501,1.0975,-0.2562,0.2775,0.4942,0.5292,1.5958,647
2026-02-02 23:48:25.502,1.8535,0.2038,0.2775,0.1170,0.4701,0.0934,15
2026-02-02 23:48:25.748,1.0975,-0.2637,0.2775,0.4990,0.5354,1.5956,648
2026-02-02 23:48:25.748,1.8535,0.2038,0.2775,0.1170,0.4701,0.0934,15
2026-02-02 23:48:25.928,1.0975,-0.2562,0.2775,0.4978,0.5398,1.5954,649
2026-02-02 23:48:25.928,1.8535,0.2038,0.2775,0.1170,0.4701,0.0934,15
2026-02-02 23:48:26.115,1.0975,-0.2562,0.2775,0.4969,0.5429,1.5953,650
2026-02-02 23:48:26.116,1.8535,0.2038,0.2775,0.1170,0.4701,0.0934,15
2026-02-02 23:48:26.353,1.0975,-0.2562,0.2475,0.4964,0.5270,1.5952,651
2026-02-02 23:48:26.354,1.8535,0.2038,0.2775,0.1170,0.4701,0.0934,15
2026-02-02 23:48:26.530,1.0975,-0.2562,0.2475,0.4960,0.5159,1.5952,652
2026-02-02 23:48:26.531,1.8535,0.2038,0.2775,0.1170,0.4701,0.0934,15
2026-02-02 23:48:26.740,1.0975,-0.2612,0.2475,0.4927,0.5081,1.5951,653
2026-02-02 23:48:26.740,1.8535,0.2038,0.2775,0.1170,0.4701,0.0934,15
2026-02-02 23:48:26.922,1.0975,-0.2612,0.2475,0.4904,0.5027,1.5951,654
2026-02-02 23:48:26.922,1.8535,0.2038,0.2775,0.1170,0.4701,0.0934,15
2026-02-02 23:48:27.147,1.0975,-0.2612,0.2475,0.4888,0.4989,1.5951,655
2026-02-02 23:48:27.148,1.8535,0.2038,0.2775,0.1170,0.4701,0.0934,15
2026-02-02 23:48:27.356,1.0975,-0.2587,0.2475,0.4891,0.4962,1.5951,656
2026-02-02 23:48:27.356,1.8535,0.2038,0.2775,0.1170,0.4701,0.0934,15
2026-02-02 23:48:27.550,1.0975,-0.2587,0.2475,0.4894,0.4944,1.5951,657
2026-02-02 23:48:27.550,1.8535,0.2038,0.2775,0.1170,0.4701,0.0934,15
2026-02-02 23:48:27.753,1.0975,-0.2587,0.2475,0.4896,0.4930,1.5951,658
2026-02-02 23:48:27.753,1.8535,0.2038,0.2775,0.1170,0.4701,0.0934,15
2026-02-02 23:48:27.924,1.0975,-0.2537,0.2475,0.4927,0.4921,1.5951,659
2026-02-02 23:48:27.925,1.8535,0.2038,0.2775,0.1170,0.4701,0.0934,15
2026-02-02 23:48:28.122,1.0975,-0.2537,0.2450,0.4949,0.4900,1.5951,660
2026-02-02 23:48:28.123,1.8535,0.2038,0.2775,0.1170,0.4701,0.0934,15
2026-02-02 23:48:28.370,1.0975,-0.2537,0.2450,0.4964,0.4885,1.5951,661
2026-02-02 23:48:28.370,1.8535,0.2038,0.2775,0.1170,0.4701,0.0934,15
2026-02-02 23:48:28.577,1.0975,-0.2587,0.2450,0.4945,0.4874,1.5951,662
2026-02-02 23:48:28.578,1.8535,0.2038,0.2775,0.1170,0.4701,0.0934,15
2026-02-02 23:48:28.791,1.0975,-0.2662,0.2450,0.4976,0.4867,1.5951,663
2026-02-02 23:48:28.791,1.8535,0.2038,0.2775,0.1170,0.4701,0.0934,15
2026-02-02 23:48:28.959,1.0975,-0.2662,0.2450,0.4999,0.4862,1.5951,664
2026-02-02 23:48:28.959,1.8535,0.2038,0.2775,0.1170,0.4701,0.0934,15
2026-02-02 23:48:29.180,1.0975,-0.2662,0.2450,0.5014,0.4858,1.5951,665
2026-02-02 23:48:29.180,1.8535,0.2038,0.2775,0.1170,0.4701,0.0934,15
2026-02-02 23:48:29.439,1.0975,-0.2662,0.2400,0.5025,0.4826,1.5951,666
2026-02-02 23:48:29.439,1.8535,0.2038,0.2775,0.1170,0.4701,0.0934,15
2026-02-02 23:48:29.634,1.0975,-0.2662,0.2400,0.5032,0.4803,1.5951,667
2026-02-02 23:48:29.635,1.8535,0.2038,0.2775,0.1170,0.4701,0.0934,15
2026-02-02 23:48:29.846,1.0975,-0.2667,0.2600,0.5053,0.4907,1.5951,668
2026-02-02 23:48:29.847,1.8535,0.2038,0.2775,0.1170,0.4701,0.0934,15
2026-02-02 23:48:29.998,1.0975,-0.2667,0.2600,0.5067,0.4980,1.5951,669
2026-02-02 23:48:29.999,1.8535,0.2038,0.2775,0.1170,0.4701,0.0934,15
2026-02-02 23:48:30.216,1.0954,-0.2667,0.2600,0.5077,0.5031,1.5938,670
2026-02-02 23:48:30.217,1.8535,0.2038,0.2775,0.1170,0.4701,0.0934,15
2026-02-02 23:48:30.413,1.0992,-0.2667,0.2625,0.5084,0.5082,1.5952,671
2026-02-02 23:48:30.413,1.8535,0.2038,0.2775,0.1170,0.4701,0.0934,15
2026-02-02 23:48:30.656,1.0992,-0.2617,0.2625,0.5119,0.5117,1.5961,672
2026-02-02 23:48:30.656,1.8535,0.2038,0.2775,0.1170,0.4701,0.0934,15
2026-02-02 23:48:30.805,1.0992,-0.2592,0.2625,0.5128,0.5142,1.5968,673
2026-02-02 23:48:31.026,1.0992,-0.2592,0.2625,0.5135,0.5159,1.5973,674
2026-02-02 23:48:31.222,1.0992,-0.2623,0.2625,0.5124,0.5172,1.5976,675
2026-02-02 23:48:31.465,1.0992,-0.2548,0.2625,0.5102,0.5180,1.5979,676
2026-02-02 23:48:31.619,1.0992,-0.2573,0.2275,0.5071,0.4976,1.5980,677
2026-02-02 23:48:31.848,1.0992,-0.2573,0.2275,0.5050,0.4833,1.5982,678
2026-02-02 23:48:32.018,1.0992,-0.2548,0.2400,0.5050,0.4808,1.5982,679
2026-02-02 23:48:32.222,1.0992,-0.2548,0.2425,0.5050,0.4806,1.5983,680
2026-02-02 23:48:32.472,1.0992,-0.2548,0.2425,0.5050,0.4804,1.5983,681
2026-02-02 23:48:32.681,1.0992,-0.2623,0.2425,0.5095,0.4803,1.5984,682
2026-02-02 23:48:32.901,1.0992,-0.2623,0.2425,0.5126,0.4802,1.5984,683
2026-02-02 23:48:33.075,1.0992,-0.2623,0.2450,0.5149,0.4816,1.5984,684
2026-02-02 23:48:33.296,1.0992,-0.2623,0.2450,0.5164,0.4826,1.5984,685
2026-02-02 23:48:33.491,1.0992,-0.2598,0.2450,0.5190,0.4834,1.5984,686
2026-02-02 23:48:33.707,1.0992,-0.2623,0.2450,0.5193,0.4838,1.5984,687
2026-02-02 23:48:33.933,1.0992,-0.2623,0.2425,0.5195,0.4827,1.5984,688
2026-02-02 23:48:34.090,1.0999,-0.2523,0.2450,0.5256,0.4804,1.5988,689
2026-02-02 23:48:34.304,1.0999,-0.2448,0.2450,0.5255,0.4788,1.5991,690
2026-02-02 23:48:34.506,1.0999,-0.2448,0.2725,0.5253,0.4941,1.5993,691
2026-02-02 23:48:34.714,1.0999,-0.2473,0.2725,0.5267,0.5049,1.5995,692
2026-02-02 23:48:34.935,1.0999,-0.2398,0.2725,0.5232,0.5124,1.5996,693
2026-02-02 23:48:35.147,1.0999,-0.2398,0.2875,0.5207,0.5267,1.5996,694
2026-02-02 23:48:35.346,1.0999,-0.2398,0.2875,0.5190,0.5367,1.5997,695
2026-02-02 23:48:35.515,1.0999,-0.2398,0.2425,0.5178,0.5167,1.5997,696
2026-02-02 23:48:35.751,1.0999,-0.2398,0.2425,0.5170,0.5027,1.5998,697
2026-02-02 23:48:35.985,1.0999,-0.2398,0.2325,0.5164,0.4869,1.5998,698
2026-02-02 23:48:36.135,1.0999,-0.2448,0.2375,0.5130,0.4788,1.5998,699
2026-02-02 23:48:36.364,1.0999,-0.2473,0.2425,0.5121,0.4762,1.5998,700
2026-02-02 23:48:36.551,1.0983,-0.2473,0.2425,0.5115,0.4743,1.5988,701
2026-02-02 23:48:36.777,1.0983,-0.2439,0.2425,0.5125,0.4730,1.5981,702
2026-02-02 23:48:36.986,1.0983,-0.2439,0.3000,0.5133,0.5066,1.5977,703
2026-02-02 23:48:37.177,1.0983,-0.2364,0.3000,0.5183,0.5301,1.5973,704
2026-02-02 23:48:37.409,1.0983,-0.2364,0.3000,0.5218,0.5466,1.5971,705
2026-02-02 23:48:37.647,1.0983,-0.2364,0.3000,0.5243,0.5581,1.5969,706
2026-02-02 23:48:37.647,1.8563,0.2086,0.3750,0.1198,0.4353,0.0698,3
2026-02-02 23:48:37.761,1.0983,-0.2414,0.3000,0.4420,0.5151,1.2828,708
2026-02-02 23:48:37.762,1.8563,0.2086,0.3750,0.1169,0.4352,0.0698,4
2026-02-02 23:48:37.990,1.0983,-0.2414,0.3000,0.4714,0.5361,1.3769,709
2026-02-02 23:48:37.991,1.8563,0.2086,0.3725,0.1148,0.4367,0.0698,5
2026-02-02 23:48:38.200,1.0983,-0.2364,0.3025,0.4890,0.5493,1.4428,710
2026-02-02 23:48:38.201,1.8563,0.2086,0.3725,0.1148,0.4367,0.0698,5
2026-02-02 23:48:38.391,1.0983,-0.2364,0.3025,0.5013,0.5585,1.4889,711
2026-02-02 23:48:38.391,1.8563,0.2086,0.3700,0.1134,0.4392,0.0698,6
2026-02-02 23:48:38.603,1.0983,-0.2464,0.3025,0.5039,0.5649,1.5212,712
2026-02-02 23:48:38.604,1.8563,0.2086,0.3700,0.1134,0.4392,0.0698,6
2026-02-02 23:48:38.812,1.0983,-0.2389,0.3025,0.5102,0.5695,1.5437,713
2026-02-02 23:48:38.812,1.8563,0.2086,0.3700,0.1134,0.4392,0.0698,6
2026-02-02 23:48:39.008,1.0983,-0.2364,0.3025,0.5192,0.5726,1.5596,714
2026-02-02 23:48:39.008,1.8563,0.2086,0.3700,0.1134,0.4392,0.0698,6
2026-02-02 23:48:39.177,1.0983,-0.2389,0.2475,0.5239,0.5418,1.5706,715
2026-02-02 23:48:39.178,1.8563,0.2086,0.3700,0.1134,0.4392,0.0698,6
2026-02-02 23:48:39.424,1.0963,-0.2414,0.3025,0.5287,0.5533,1.5771,716
2026-02-02 23:48:39.424,1.8563,0.2086,0.3700,0.1134,0.4392,0.0698,6
2026-02-02 23:48:39.657,1.0963,-0.2464,0.2775,0.5291,0.5463,1.5817,717
2026-02-02 23:48:39.657,1.8563,0.2086,0.3700,0.1134,0.4392,0.0698,6
2026-02-02 23:48:39.829,1.0963,-0.2464,0.2775,0.5294,0.5414,1.5849,718
2026-02-02 23:48:39.830,1.8563,0.2086,0.3700,0.1134,0.4392,0.0698,6
2026-02-02 23:48:40.048,1.0963,-0.2489,0.2775,0.5311,0.5380,1.5871,719
2026-02-02 23:48:40.048,1.8563,0.2086,0.3700,0.1134,0.4392,0.0698,6
2026-02-02 23:48:40.194,1.0963,-0.2489,0.2750,0.5322,0.5341,1.5886,720
2026-02-02 23:48:40.195,1.8563,0.2086,0.3700,0.1134,0.4392,0.0698,6
2026-02-02 23:48:40.428,1.0962,-0.2514,0.2700,0.5346,0.5344,1.5898,721
2026-02-02 23:48:40.428,1.8563,0.2086,0.3700,0.1134,0.4392,0.0698,6
2026-02-02 23:48:40.697,1.0962,-0.2514,0.2700,0.5362,0.5346,1.5906,722
2026-02-02 23:48:40.698,1.8563,0.2086,0.3700,0.1134,0.4392,0.0698,6
2026-02-02 23:48:40.831,1.0962,-0.2514,0.2700,0.5373,0.5347,1.5911,723
2026-02-02 23:48:40.832,1.8563,0.2086,0.3700,0.1134,0.4392,0.0698,6
2026-02-02 23:48:41.078,1.0961,-0.2594,0.2875,0.5306,0.5393,1.5913,724
2026-02-02 23:48:41.078,1.8569,0.1956,0.3050,0.1049,0.4799,0.0691,7
2026-02-02 23:48:41.306,1.0961,-0.2594,0.2875,0.5259,0.5425,1.5915,725
2026-02-02 23:48:41.306,1.8569,0.1981,0.3050,0.0974,0.5084,0.0685,8
2026-02-02 23:48:41.481,1.0961,-0.2594,0.2675,0.5227,0.5327,1.5916,726
2026-02-02 23:48:41.482,1.8569,0.1981,0.3050,0.0922,0.5284,0.0682,9
2026-02-02 23:48:41.718,1.0961,-0.2594,0.2875,0.5204,0.5379,1.5917,727
2026-02-02 23:48:41.718,1.8569,0.1956,0.3050,0.0900,0.5424,0.0679,10
2026-02-02 23:48:41.902,1.0961,-0.2569,0.2875,0.5173,0.5415,1.5917,728
2026-02-02 23:48:41.902,1.8565,0.1981,0.3050,0.0870,0.5522,0.0680,11
2026-02-02 23:48:42.103,1.0960,-0.2469,0.2500,0.5091,0.5276,1.5918,729
2026-02-02 23:48:42.103,1.8565,0.1981,0.3050,0.0849,0.5590,0.0680,12
2026-02-02 23:48:42.288,1.0962,-0.2394,0.2500,0.5079,0.5178,1.5920,730
2026-02-02 23:48:42.289,1.8565,0.1981,0.3050,0.0849,0.5590,0.0680,12
2026-02-02 23:48:42.504,1.0962,-0.2394,0.2450,0.5070,0.5080,1.5921,731
2026-02-02 23:48:42.504,1.8565,0.1981,0.3050,0.0834,0.5638,0.0680,13
2026-02-02 23:48:42.728,1.0962,-0.2394,0.2450,0.4178,0.5078,1.2795,733
2026-02-02 23:48:42.728,1.8565,0.1981,0.3050,0.0824,0.5672,0.0680,14
2026-02-02 23:48:42.900,1.0962,-0.2394,0.2425,0.3741,0.5062,1.1263,735
2026-02-02 23:48:42.900,1.8565,0.1981,0.3050,0.0817,0.5695,0.0681,15
2026-02-02 23:48:43.074,1.0962,-0.2394,0.2425,0.4133,0.4984,1.2661,736
2026-02-02 23:48:43.074,1.8565,0.1981,0.3050,0.0817,0.5695,0.0681,15
2026-02-02 23:48:43.311,1.0962,-0.2444,0.2450,0.4378,0.4943,1.3640,737
2026-02-02 23:48:43.311,1.8565,0.1981,0.3050,0.0817,0.5695,0.0681,15
2026-02-02 23:48:43.486,1.0963,-0.2444,0.2500,0.4550,0.4885,1.4325,738
2026-02-02 23:48:43.486,1.8565,0.1981,0.3050,0.0817,0.5695,0.0681,15
2026-02-02 23:48:43.699,1.0963,-0.2444,0.2450,0.3903,0.4870,1.2011,740
2026-02-02 23:48:43.700,1.8565,0.1981,0.3050,0.0817,0.5695,0.0681,15
2026-02-02 23:48:43.911,1.0963,-0.2469,0.2450,0.3581,0.4317,1.0825,742
2026-02-02 23:48:43.911,1.8565,0.1981,0.3050,0.0817,0.5695,0.0681,15
2026-02-02 23:48:44.117,1.0963,-0.2469,0.2375,0.3463,0.4061,1.0289,744
2026-02-02 23:48:44.117,1.8565,0.1981,0.3050,0.0817,0.5695,0.0681,15
2026-02-02 23:48:44.276,1.0990,-0.2469,0.2375,0.3405,0.3935,1.0042,746
2026-02-02 23:48:44.277,1.8565,0.1981,0.3050,0.0817,0.5695,0.0681,15
2026-02-02 23:48:44.500,1.0990,-0.2469,0.2375,0.3377,0.3926,0.9923,748
2026-02-02 23:48:44.501,1.8565,0.1981,0.3050,0.0817,0.5695,0.0681,15
2026-02-02 23:48:44.774,1.0990,-0.2469,0.2375,0.3363,0.3922,0.9864,750
2026-02-02 23:48:44.774,1.8565,0.1981,0.3050,0.0817,0.5695,0.0681,15
2026-02-02 23:48:44.902,1.0990,-0.2519,0.2375,0.3327,0.3920,0.9835,752
2026-02-02 23:48:44.902,1.8565,0.1981,0.3050,0.0817,0.5695,0.0681,15
2026-02-02 23:48:45.143,1.0990,-0.2469,0.2375,0.3859,0.4154,1.1678,753
2026-02-02 23:48:45.143,1.8525,0.1856,0.3000,0.0827,0.4872,0.0672,16
2026-02-02 23:48:45.349,1.0990,-0.2469,0.2300,0.3599,0.3988,1.0725,755
2026-02-02 23:48:45.350,1.8525,0.1856,0.3000,0.0827,0.4872,0.0672,16
2026-02-02 23:48:45.544,1.0990,-0.2494,0.2450,0.3477,0.3997,1.0214,757
2026-02-02 23:48:45.544,1.8525,0.1856,0.3000,0.0827,0.4872,0.0672,16
2026-02-02 23:48:45.751,1.0990,-0.2494,0.2450,0.3979,0.4253,1.1943,758
2026-02-02 23:48:45.752,1.8519,0.2131,0.1950,0.0909,0.4505,0.0678,17
2026-02-02 23:48:45.964,1.0990,-0.2469,0.2425,0.4315,0.4417,1.3154,759
2026-02-02 23:48:45.964,1.8471,0.2181,0.1725,0.0936,0.4114,0.0653,18
2026-02-02 23:48:46.182,1.0990,-0.2469,0.2425,0.4551,0.4532,1.4001,760
2026-02-02 23:48:46.183,1.8471,0.2181,0.1725,0.0955,0.3840,0.0636,19
2026-02-02 23:48:46.340,1.0990,-0.2444,0.2425,0.4700,0.4612,1.4595,761
2026-02-02 23:48:46.340,1.8471,0.2181,0.1725,0.0955,0.3840,0.0636,19
2026-02-02 23:48:46.568,1.0990,-0.2474,0.2400,0.4805,0.4654,1.5010,762
2026-02-02 23:48:46.568,1.8471,0.2181,0.1725,0.0955,0.3840,0.0636,19
2026-02-02 23:48:46.769,1.0990,-0.2474,0.2975,0.4909,0.5028,1.5300,763
2026-02-02 23:48:46.770,1.8471,0.2181,0.1725,0.0955,0.3840,0.0636,19
2026-02-02 23:48:46.970,1.0990,-0.2499,0.2375,0.4966,0.4929,1.5504,764
2026-02-02 23:48:46.970,1.8471,0.2181,0.1725,0.0955,0.3840,0.0636,19
2026-02-02 23:48:47.170,1.0990,-0.2499,0.2825,0.5006,0.5131,1.5646,765
2026-02-02 23:48:47.170,1.8471,0.2181,0.1725,0.0955,0.3840,0.0636,19
2026-02-02 23:48:47.365,1.0990,-0.2499,0.2525,0.5034,0.5091,1.5746,766
2026-02-02 23:48:47.365,1.8471,0.2181,0.1725,0.0955,0.3840,0.0636,19
2026-02-02 23:48:47.554,1.0990,-0.2624,0.2425,0.5129,0.5004,1.5816,767
2026-02-02 23:48:47.555,1.8471,0.2181,0.1725,0.0955,0.3840,0.0636,19
2026-02-02 23:48:47.777,1.0990,-0.2599,0.2525,0.5210,0.5003,1.5865,768
2026-02-02 23:48:47.777,1.8471,0.2181,0.1725,0.0955,0.3840,0.0636,19
2026-02-02 23:48:47.954,1.0990,-0.2599,0.2500,0.5267,0.4987,1.5899,769
2026-02-02 23:48:47.954,1.8471,0.2181,0.1725,0.0955,0.3840,0.0636,19
2026-02-02 23:48:48.193,1.0990,-0.2599,0.2550,0.5307,0.5006,1.5923,770
2026-02-02 23:48:48.194,1.8471,0.2181,0.1725,0.0955,0.3840,0.0636,19
2026-02-02 23:48:48.355,1.0990,-0.2649,0.2550,0.5305,0.5019,1.5940,771
2026-02-02 23:48:48.355,1.8471,0.2181,0.1725,0.0955,0.3840,0.0636,19
2026-02-02 23:48:48.594,1.0990,-0.2649,0.2500,0.5303,0.4998,1.5951,772
2026-02-02 23:48:48.595,1.8471,0.2181,0.1725,0.0955,0.3840,0.0636,19
2026-02-02 23:48:48.791,1.0990,-0.2633,0.2525,0.5302,0.4999,1.5960,773
2026-02-02 23:48:48.791,1.8471,0.2181,0.1725,0.0955,0.3840,0.0636,19
2026-02-02 23:48:48.994,1.0990,-0.2647,0.2450,0.5182,0.4954,1.5965,774
2026-02-02 23:48:48.994,1.8471,0.2181,0.1725,0.0955,0.3840,0.0636,19
2026-02-02 23:48:49.193,1.0990,-0.2623,0.2375,0.5082,0.4878,1.5969,775
2026-02-02 23:48:49.194,1.8471,0.2181,0.1725,0.0955,0.3840,0.0636,19
2026-02-02 23:48:49.393,1.0990,-0.2623,0.2325,0.5013,0.4795,1.5972,776
2026-02-02 23:48:49.393,1.8471,0.2181,0.1725,0.0955,0.3840,0.0636,19
2026-02-02 23:48:49.617,1.0943,-0.2621,0.2250,0.4949,0.4691,1.5946,777
2026-02-02 23:48:49.617,1.8471,0.2181,0.1725,0.0955,0.3840,0.0636,19
2026-02-02 23:48:49.826,1.0943,-0.2621,0.2250,0.4904,0.4619,1.5928,778
2026-02-02 23:48:49.827,1.8471,0.2181,0.1725,0.0955,0.3840,0.0636,19
2026-02-02 23:48:50.038,1.0943,-0.2545,0.2325,0.4813,0.4613,1.5916,779
2026-02-02 23:48:50.039,1.8471,0.2181,0.1725,0.0955,0.3840,0.0636,19
2026-02-02 23:48:50.239,1.0950,-0.2545,0.2275,0.4749,0.4579,1.5911,780
2026-02-02 23:48:50.240,1.8471,0.2181,0.1725,0.0955,0.3840,0.0636,19
2026-02-02 23:48:50.427,1.0950,-0.2820,0.2275,0.4539,0.4555,1.5907,781
2026-02-02 23:48:50.428,1.8471,0.2181,0.1725,0.0955,0.3840,0.0636,19
2026-02-02 23:48:50.623,1.0950,-0.2820,0.2275,0.4393,0.4539,1.5905,782
2026-02-02 23:48:50.624,1.8471,0.2181,0.1725,0.0955,0.3840,0.0636,19
2026-02-02 23:48:50.837,1.0950,-0.2883,0.2550,0.4335,0.4692,1.5903,783
2026-02-02 23:48:50.837,1.8471,0.2181,0.1725,0.0955,0.3840,0.0636,19
2026-02-02 23:48:51.045,1.0950,-0.2883,0.2575,0.3615,0.4366,1.4030,785
2026-02-02 23:48:51.045,1.8471,0.2181,0.1725,0.0955,0.3840,0.0636,19
2026-02-02 23:48:51.250,1.0950,-0.2833,0.2575,0.3232,0.4206,1.3113,787
2026-02-02 23:48:51.250,1.8471,0.2181,0.1725,0.0955,0.3840,0.0636,19
2026-02-02 23:48:51.460,1.0950,-0.2831,0.2575,0.3493,0.4444,1.3948,788
2026-02-02 23:48:51.460,1.8471,0.2181,0.1725,0.0955,0.3840,0.0636,19
2026-02-02 23:48:51.652,1.0950,-0.2881,0.2575,0.3705,0.4641,1.4533,789
2026-02-02 23:48:51.653,1.8471,0.2181,0.1725,0.0955,0.3840,0.0636,19
2026-02-02 23:48:51.856,1.0950,-0.2893,0.2425,0.3853,0.4689,1.4943,790
2026-02-02 23:48:51.856,1.8471,0.2181,0.1725,0.0955,0.3840,0.0636,19
2026-02-02 23:48:52.085,1.0950,-0.2893,0.2425,0.3957,0.4722,1.5229,791
2026-02-02 23:48:52.085,1.8471,0.2181,0.1725,0.0955,0.3840,0.0636,19
2026-02-02 23:48:52.276,1.0950,-0.2893,0.2700,0.4030,0.4911,1.5430,792
2026-02-02 23:48:52.276,1.8471,0.2181,0.1725,0.0955,0.3840,0.0636,19
2026-02-02 23:48:52.481,1.0950,-0.2807,0.2750,0.4081,0.5072,1.5571,793
2026-02-02 23:48:52.481,1.8471,0.2181,0.1725,0.0955,0.3840,0.0636,19
2026-02-02 23:48:52.698,1.0950,-0.2807,0.1950,0.4117,0.4706,1.5669,794
2026-02-02 23:48:52.699,1.8471,0.2181,0.1725,0.0955,0.3840,0.0636,19
2026-02-02 23:48:52.906,1.0950,-0.2834,0.1700,0.4127,0.4299,1.5738,795
2026-02-02 23:48:52.906,1.8471,0.2181,0.1725,0.0955,0.3840,0.0636,19
2026-02-02 23:48:53.117,1.0950,-0.2834,0.1700,0.4134,0.4014,1.5786,796
2026-02-02 23:48:53.117,1.8471,0.2181,0.1725,0.0955,0.3840,0.0636,19
2026-02-02 23:48:53.334,1.0950,-0.2834,0.1625,0.4139,0.3770,1.5820,797
2026-02-02 23:48:53.334,1.8471,0.2181,0.1725,0.0955,0.3840,0.0636,19
2026-02-02 23:48:53.502,1.0950,-0.2834,0.1625,0.4142,0.3599,1.5844,798
2026-02-02 23:48:53.502,1.8471,0.2181,0.1725,0.0955,0.3840,0.0636,19
2026-02-02 23:48:53.735,1.0793,-0.2909,0.1625,0.4159,0.3479,1.5766,799
2026-02-02 23:48:53.736,1.8471,0.2181,0.1725,0.0955,0.3840,0.0636,19
2026-02-02 23:48:53.945,1.0793,-0.2914,0.1850,0.4157,0.3531,1.5712,800
2026-02-02 23:48:53.945,1.8471,0.2181,0.1725,0.0955,0.3840,0.0636,19
2026-02-02 23:48:54.140,1.0794,-0.2914,0.1575,0.4155,0.3371,1.5674,801
2026-02-02 23:48:54.140,1.8471,0.2181,0.1725,0.0955,0.3840,0.0636,19
2026-02-02 23:48:54.342,1.0794,-0.2914,0.1575,0.4153,0.3260,1.5648,802
2026-02-02 23:48:54.343,1.8471,0.2181,0.1725,0.0955,0.3840,0.0636,19
2026-02-02 23:48:54.541,1.0636,-0.2914,0.1425,0.4152,0.3092,1.5535,803
2026-02-02 23:48:54.541,1.8471,0.2181,0.1725,0.0955,0.3840,0.0636,19
2026-02-02 23:48:54.742,1.0636,-0.2914,0.1425,0.4152,0.2974,1.5455,804
2026-02-02 23:48:54.743,1.8471,0.2181,0.1725,0.0955,0.3840,0.0636,19
2026-02-02 23:48:54.932,1.0749,-0.2914,0.1425,0.4151,0.2892,1.5468,805
2026-02-02 23:48:54.933,1.8471,0.2181,0.1725,0.0955,0.3840,0.0636,19
2026-02-02 23:48:55.134,1.0950,-0.2864,0.1450,0.4151,0.2819,1.5597,806
2026-02-02 23:48:55.134,1.8471,0.2181,0.1725,0.0955,0.3840,0.0636,19
2026-02-02 23:48:55.336,1.0950,-0.2864,0.1450,0.3520,0.3038,1.3332,808
2026-02-02 23:48:55.336,1.8471,0.2181,0.1725,0.0955,0.3840,0.0636,19
2026-02-02 23:48:55.544,1.0950,-0.2839,0.1450,0.3196,0.3186,1.2268,810
2026-02-02 23:48:55.545,1.8471,0.2181,0.1725,0.0955,0.3840,0.0636,19
2026-02-02 23:48:55.743,1.0749,-0.2839,0.1375,0.3468,0.2980,1.3237,811
2026-02-02 23:48:55.743,1.8471,0.2181,0.1725,0.0955,0.3840,0.0636,19
2026-02-02 23:48:55.945,1.0749,-0.2839,0.1525,0.3657,0.2926,1.3915,812
2026-02-02 23:48:55.946,1.8471,0.2181,0.1725,0.0955,0.3840,0.0636,19
2026-02-02 23:48:56.149,1.0749,-0.2839,0.1500,0.3790,0.2873,1.4389,813
2026-02-02 23:48:56.149,1.8471,0.2181,0.1725,0.0955,0.3840,0.0636,19
2026-02-02 23:48:56.388,1.0749,-0.2889,0.1500,0.3913,0.2836,1.4721,814
2026-02-02 23:48:56.388,1.8471,0.2181,0.1725,0.0955,0.3840,0.0636,19
2026-02-02 23:48:56.569,1.0907,-0.2789,0.1500,0.4059,0.2810,1.5048,815
2026-02-02 23:48:56.569,1.8471,0.2181,0.1725,0.0955,0.3840,0.0636,19
2026-02-02 23:48:56.761,1.0907,-0.2789,0.1500,0.4161,0.2792,1.5276,816
2026-02-02 23:48:56.761,1.8471,0.2181,0.1725,0.0955,0.3840,0.0636,19
2026-02-02 23:48:56.940,1.0906,-0.2764,0.1450,0.4248,0.2810,1.5437,817
2026-02-02 23:48:56.941,1.8471,0.2181,0.1725,0.0955,0.3840,0.0636,19
2026-02-02 23:48:57.170,1.1029,-0.2764,0.1525,0.4309,0.2777,1.5475,818
2026-02-02 23:48:57.171,1.8471,0.2181,0.1725,0.0955,0.3840,0.0636,19
2026-02-02 23:48:57.395,1.1029,-0.2764,0.1550,0.4351,0.2769,1.5502,819
2026-02-02 23:48:57.395,1.8471,0.2181,0.1725,0.0955,0.3840,0.0636,19
2026-02-02 23:48:57.613,1.1029,-0.2714,0.1525,0.4351,0.2748,1.5521,820
2026-02-02 23:48:57.613,1.8471,0.2181,0.1725,0.0955,0.3840,0.0636,19
2026-02-02 23:48:57.817,1.1029,-0.2739,0.1550,0.4395,0.2749,1.5534,821
2026-02-02 23:48:57.818,1.8471,0.2181,0.1725,0.0955,0.3840,0.0636,19
2026-02-02 23:48:58.016,1.0907,-0.2739,0.1525,0.4427,0.2764,1.5617,822
2026-02-02 23:48:58.016,1.8471,0.2181,0.1725,0.0955,0.3840,0.0636,19
2026-02-02 23:48:58.211,1.0907,-0.2764,0.1525,0.4464,0.2775,1.5675,823
2026-02-02 23:48:58.211,1.8471,0.2181,0.1725,0.0955,0.3840,0.0636,19
2026-02-02 23:48:58.432,1.0763,-0.2889,0.1550,0.4415,0.2797,1.5629,824
2026-02-02 23:48:58.432,1.8471,0.2181,0.1725,0.0955,0.3840,0.0636,19
2026-02-02 23:48:58.666,1.0763,-0.2889,0.1525,0.4380,0.2798,1.5596,825
2026-02-02 23:48:58.857,1.0763,-0.2839,0.1550,0.4326,0.2814,1.5574,826
2026-02-02 23:48:59.012,1.0763,-0.2839,0.1550,0.4288,0.2825,1.5558,827
2026-02-02 23:48:59.251,1.0763,-0.2839,0.1550,0.4262,0.2832,1.5547,828
2026-02-02 23:48:59.412,1.0763,-0.2819,0.1550,0.4243,0.2838,1.5539,829
2026-02-02 23:48:59.649,1.0813,-0.2694,0.1550,0.4305,0.2841,1.5564,830
2026-02-02 23:48:59.816,1.0813,-0.2694,0.1550,0.4349,0.2844,1.5581,831
2026-02-02 23:49:00.056,1.0813,-0.2744,0.1550,0.4349,0.2846,1.5594,832
2026-02-02 23:49:00.280,1.0902,-0.2719,0.1550,0.4364,0.2847,1.5656,833
2026-02-02 23:49:00.429,1.0902,-0.2675,0.1675,0.4450,0.2923,1.5699,834
2026-02-02 23:49:00.675,1.0902,-0.2625,0.1650,0.4510,0.2991,1.5730,835
2026-02-02 23:49:00.839,1.0902,-0.2688,0.1625,0.4597,0.3024,1.5752,836
2026-02-02 23:49:01.086,1.0902,-0.2663,0.1650,0.4673,0.3062,1.5767,837
2026-02-02 23:49:01.285,1.0902,-0.2663,0.1675,0.4726,0.3073,1.5777,838
2026-02-02 23:49:01.523,1.0902,-0.2663,0.1650,0.4763,0.3066,1.5785,839
2026-02-02 23:49:01.690,1.0902,-0.2663,0.1650,0.4789,0.3061,1.5790,840
2026-02-02 23:49:01.919,1.0902,-0.2663,0.1650,0.4807,0.3058,1.5793,841
2026-02-02 23:49:02.082,1.0902,-0.2613,0.1650,0.4760,0.3056,1.5796,842
2026-02-02 23:49:02.309,1.0902,-0.2588,0.1650,0.4742,0.3054,1.5797,843
2026-02-02 23:49:02.499,1.0902,-0.2588,0.1675,0.4730,0.3068,1.5799,844
2026-02-02 23:49:02.717,1.0902,-0.2538,0.1675,0.4691,0.3077,1.5800,845
2026-02-02 23:49:02.913,1.0902,-0.2463,0.1675,0.4648,0.3084,1.5800,846
2026-02-02 23:49:03.122,1.0902,-0.2613,0.1675,0.4529,0.3089,1.5801,847
2026-02-02 23:49:03.290,1.0902,-0.2613,0.1650,0.4445,0.3077,1.5801,848
2026-02-02 23:49:03.539,1.0902,-0.2613,0.1650,0.4387,0.3069,1.5801,849
2026-02-02 23:49:03.698,1.0902,-0.2663,0.1625,0.3583,0.3433,1.2745,851
2026-02-02 23:49:03.907,1.0902,-0.2663,0.1650,0.3190,0.3626,1.1248,853
2026-02-02 23:49:04.136,1.0902,-0.2656,0.1600,0.2997,0.3751,1.0515,855
2026-02-02 23:49:04.311,1.0902,-0.2606,0.1600,0.2892,0.3812,1.0156,857
2026-02-02 23:49:04.547,1.0902,-0.2606,0.1625,0.3269,0.3598,1.1850,858
2026-02-02 23:49:04.761,1.0902,-0.2581,0.1650,0.3011,0.3707,1.0809,860
2026-02-02 23:49:04.918,1.0902,-0.2581,0.1650,0.2884,0.3761,1.0300,862
2026-02-02 23:49:05.161,1.0902,-0.2606,0.1775,0.2836,0.3862,1.0050,864
2026-02-02 23:49:05.349,1.0902,-0.2581,0.1775,0.2828,0.3911,0.9927,866
2026-02-02 23:49:05.526,1.0902,-0.2706,0.1775,0.2749,0.3935,0.9867,868
2026-02-02 23:49:05.782,1.0822,-0.2706,0.1725,0.2721,0.3917,0.9790,870
2026-02-02 23:49:06.002,1.0827,-0.2691,0.1725,0.2707,0.3877,0.9750,872
2026-02-02 23:49:06.147,1.0827,-0.2716,0.1725,0.2686,0.3857,0.9719,874
2026-02-02 23:49:06.368,1.0827,-0.2741,0.1625,0.2700,0.3788,0.9704,876
2026-02-02 23:49:06.573,1.0827,-0.2741,0.1625,0.3075,0.3551,1.1483,877
2026-02-02 23:49:06.784,1.0822,-0.2791,0.1600,0.3368,0.3401,1.2730,878
2026-02-02 23:49:06.964,1.0910,-0.2566,0.1600,0.3707,0.3296,1.3657,879
2026-02-02 23:49:07.187,1.0865,-0.2624,0.1600,0.3900,0.3252,1.4279,880
2026-02-02 23:49:07.400,1.0905,-0.2624,0.1650,0.4035,0.3191,1.4737,881
2026-02-02 23:49:07.604,1.0905,-0.2649,0.1650,0.4145,0.3149,1.5059,882
2026-02-02 23:49:07.809,1.0905,-0.2624,0.1700,0.4206,0.3149,1.5283,883
2026-02-02 23:49:07.995,1.0905,-0.2599,0.1675,0.4234,0.3164,1.5441,884
2026-02-02 23:49:08.193,1.0905,-0.2599,0.1675,0.4254,0.3175,1.5551,885
2026-02-02 23:49:08.437,1.0905,-0.2599,0.1675,0.4268,0.3183,1.5628,886
2026-02-02 23:49:08.625,1.0905,-0.2574,0.1650,0.4262,0.3173,1.5683,887
2026-02-02 23:49:08.839,1.0905,-0.2574,0.1650,0.4259,0.3166,1.5720,888
2026-02-02 23:49:09.035,1.0905,-0.2579,0.2450,0.4271,0.3641,1.5747,889
2026-02-02 23:49:09.245,1.0905,-0.2529,0.2450,0.4310,0.3974,1.5765,890
2026-02-02 23:49:09.480,1.0905,-0.2529,0.2450,0.4337,0.4207,1.5778,891
2026-02-02 23:49:09.644,1.0905,-0.2529,0.2450,0.4356,0.4370,1.5787,892
2026-02-02 23:49:09.854,1.0905,-0.2579,0.2450,0.4309,0.4484,1.5793,893
2026-02-02 23:49:09.854,1.8393,0.1871,0.4000,0.0947,0.3625,0.0767,3
2026-02-02 23:49:10.056,1.0905,-0.2654,0.2425,0.4261,0.4579,1.5798,894
2026-02-02 23:49:10.056,1.8363,0.1846,0.4000,0.0918,0.3633,0.0775,4
2026-02-02 23:49:10.258,1.0905,-0.2637,0.2025,0.4228,0.4405,1.5801,895
2026-02-02 23:49:10.259,1.8363,0.1846,0.4000,0.0918,0.3633,0.0775,4
2026-02-02 23:49:10.467,1.0905,-0.2662,0.2025,0.4220,0.4284,1.5803,896
2026-02-02 23:49:10.467,1.8363,0.1846,0.4000,0.0918,0.3633,0.0775,4
2026-02-02 23:49:10.670,1.0905,-0.2662,0.2050,0.4214,0.4183,1.5804,897
2026-02-02 23:49:10.670,1.8363,0.1846,0.4000,0.0918,0.3633,0.0775,4
2026-02-02 23:49:10.872,1.0905,-0.2678,0.2550,0.4210,0.4413,1.5805,898
2026-02-02 23:49:10.872,1.8363,0.1846,0.4000,0.0918,0.3633,0.0775,4
2026-02-02 23:49:11.075,1.0905,-0.2678,0.2075,0.4207,0.4289,1.5806,899
2026-02-02 23:49:11.075,1.8363,0.1846,0.4000,0.0918,0.3633,0.0775,4
2026-02-02 23:49:11.284,1.0905,-0.2678,0.2075,0.4205,0.4203,1.5807,900
2026-02-02 23:49:11.285,1.8363,0.1846,0.4000,0.0918,0.3633,0.0775,4
2026-02-02 23:49:11.484,1.0905,-0.2678,0.1675,0.4203,0.3902,1.5807,901
2026-02-02 23:49:11.484,1.8363,0.1846,0.4000,0.0918,0.3633,0.0775,4
2026-02-02 23:49:11.685,1.0905,-0.2703,0.1675,0.4217,0.3691,1.5807,902
2026-02-02 23:49:11.686,1.8363,0.1846,0.4000,0.0918,0.3633,0.0775,4
2026-02-02 23:49:11.886,1.0906,-0.2678,0.1650,0.4152,0.3499,1.5807,903
2026-02-02 23:49:11.886,1.8363,0.1846,0.4000,0.0918,0.3633,0.0775,4
2026-02-02 23:49:12.080,1.0905,-0.2678,0.1600,0.4106,0.3364,1.5808,904
2026-02-02 23:49:12.080,1.8363,0.1846,0.4000,0.0918,0.3633,0.0775,4
2026-02-02 23:49:12.280,1.0905,-0.2678,0.1600,0.4075,0.3270,1.5808,905
2026-02-02 23:49:12.281,1.8363,0.1846,0.4000,0.0918,0.3633,0.0775,4
2026-02-02 23:49:12.471,1.0905,-0.2678,0.1600,0.4052,0.3204,1.5808,906
2026-02-02 23:49:12.471,1.8352,0.1772,0.2975,0.0943,0.3503,0.0774,5
2026-02-02 23:49:12.701,1.0905,-0.2678,0.1600,0.4037,0.3158,1.5808,907
2026-02-02 23:49:12.701,1.8352,0.1772,0.2725,0.0960,0.3562,0.0774,6
2026-02-02 23:49:12.911,1.0777,-0.2678,0.1600,0.4026,0.3125,1.5731,908
2026-02-02 23:49:12.912,1.8352,0.1772,0.2725,0.0972,0.3603,0.0773,7
2026-02-02 23:49:13.114,1.0777,-0.2653,0.1575,0.4003,0.3088,1.5678,909
2026-02-02 23:49:13.115,1.8268,0.1772,0.2575,0.0980,0.3722,0.0823,8
2026-02-02 23:49:13.326,1.0736,-0.2653,0.1500,0.3987,0.3016,1.5616,910
2026-02-02 23:49:13.326,1.8268,0.1772,0.2575,0.0980,0.3722,0.0823,8
2026-02-02 23:49:13.555,1.0634,-0.2653,0.1500,0.3976,0.2967,1.5511,911
2026-02-02 23:49:13.556,1.8268,0.1772,0.2575,0.0980,0.3722,0.0823,8
2026-02-02 23:49:13.695,1.0634,-0.2653,0.1500,0.3968,0.2932,1.5437,912
2026-02-02 23:49:13.695,1.8268,0.1772,0.2575,0.0980,0.3722,0.0823,8
2026-02-02 23:49:13.973,1.0634,-0.2653,0.1500,0.3963,0.2907,1.5386,913
2026-02-02 23:49:13.973,1.8268,0.1772,0.2575,0.0980,0.3722,0.0823,8
2026-02-02 23:49:14.122,1.0634,-0.2678,0.1500,0.3974,0.2890,1.5350,914
2026-02-02 23:49:14.123,1.8268,0.1772,0.2575,0.0980,0.3722,0.0823,8
2026-02-02 23:49:14.350,1.0634,-0.2703,0.1500,0.3967,0.2878,1.5325,915
2026-02-02 23:49:14.350,1.8268,0.1772,0.2575,0.0980,0.3722,0.0823,8
2026-02-02 23:49:14.550,1.0634,-0.2703,0.1475,0.3962,0.2855,1.5308,916
2026-02-02 23:49:14.550,1.8268,0.1772,0.2575,0.0980,0.3722,0.0823,8
2026-02-02 23:49:14.706,1.0634,-0.2903,0.1475,0.4078,0.2838,1.5295,917
2026-02-02 23:49:14.707,1.8268,0.1772,0.2575,0.0980,0.3722,0.0823,8
2026-02-02 23:49:14.928,1.0634,-0.2953,0.1475,0.4190,0.2827,1.5287,918
2026-02-02 23:49:14.928,1.8268,0.1772,0.2575,0.0980,0.3722,0.0823,8
2026-02-02 23:49:15.184,1.0634,-0.2978,0.1475,0.3571,0.3370,1.2296,920
2026-02-02 23:49:15.184,1.8268,0.1772,0.2575,0.0980,0.3722,0.0823,8
2026-02-02 23:49:15.334,1.0634,-0.2953,0.1475,0.3283,0.3636,1.0830,922
2026-02-02 23:49:15.334,1.8268,0.1772,0.2575,0.0980,0.3722,0.0823,8
2026-02-02 23:49:15.567,1.0634,-0.2703,0.1475,0.3022,0.3766,1.0112,924
2026-02-02 23:49:15.567,1.8268,0.1772,0.2575,0.0980,0.3722,0.0823,8
2026-02-02 23:49:15.777,1.0767,-0.2703,0.1650,0.3360,0.3581,1.1738,925
2026-02-02 23:49:15.778,1.8268,0.1772,0.2575,0.0980,0.3722,0.0823,8
2026-02-02 23:49:15.977,1.0767,-0.2703,0.1650,0.3597,0.3452,1.2877,926
2026-02-02 23:49:15.977,1.8268,0.1772,0.2575,0.0980,0.3722,0.0823,8
2026-02-02 23:49:16.180,1.0767,-0.2703,0.1625,0.3763,0.3376,1.3673,927
2026-02-02 23:49:16.181,1.8268,0.1772,0.2575,0.0980,0.3722,0.0823,8
2026-02-02 23:49:16.406,1.0767,-0.2739,0.1600,0.3879,0.3308,1.4231,928
2026-02-02 23:49:16.406,1.8268,0.1772,0.2575,0.0980,0.3722,0.0823,8
2026-02-02 23:49:16.584,1.0767,-0.2664,0.1600,0.3915,0.3261,1.4622,929
2026-02-02 23:49:16.584,1.8268,0.1772,0.2575,0.0980,0.3722,0.0823,8
2026-02-02 23:49:16.792,1.0767,-0.2664,0.1600,0.3941,0.3228,1.4895,930
2026-02-02 23:49:16.792,1.8268,0.1772,0.2575,0.0980,0.3722,0.0823,8
2026-02-02 23:49:17.004,1.0767,-0.2664,0.1775,0.3959,0.3279,1.5086,931
2026-02-02 23:49:17.004,1.8268,0.1772,0.2575,0.0980,0.3722,0.0823,8
2026-02-02 23:49:17.218,1.8329,0.1461,0.4300,0.3195,0.3236,1.0932,933
2026-02-02 23:49:17.219,1.8268,0.1772,0.2575,0.0980,0.3722,0.0823,8
2026-02-02 23:49:17.434,1.8332,0.1511,0.4300,0.2823,0.3152,0.8914,935
2026-02-02 23:49:17.435,1.8268,0.1772,0.2575,0.0980,0.3722,0.0823,8
2026-02-02 23:49:17.596,1.0767,-0.2664,0.1625,0.3206,0.3136,1.0899,936
2026-02-02 23:49:17.596,1.8268,0.1772,0.2575,0.0980,0.3722,0.0823,8
2026-02-02 23:49:17.831,1.0673,-0.2714,0.1350,0.3504,0.2990,1.2233,937
2026-02-02 23:49:17.831,1.8268,0.1772,0.2575,0.0980,0.3722,0.0823,8
2026-02-02 23:49:18.042,1.0673,-0.2739,0.1400,0.3728,0.2918,1.3166,938
2026-02-02 23:49:18.043,1.8268,0.1772,0.2575,0.0980,0.3722,0.0823,8
2026-02-02 23:49:18.233,1.0763,-0.2664,0.1525,0.3900,0.2913,1.3873,939
2026-02-02 23:49:18.233,1.8268,0.1772,0.2575,0.0980,0.3722,0.0823,8
2026-02-02 23:49:18.436,1.0763,-0.2664,0.1700,0.4020,0.3014,1.4368,940
2026-02-02 23:49:18.436,1.8268,0.1772,0.2575,0.0980,0.3722,0.0823,8
2026-02-02 23:49:18.654,1.0763,-0.2689,0.1700,0.4119,0.3085,1.4715,941
2026-02-02 23:49:18.655,1.8268,0.1772,0.2575,0.0980,0.3722,0.0823,8
2026-02-02 23:49:18.846,1.0763,-0.2664,0.1525,0.4173,0.3029,1.4957,942
2026-02-02 23:49:18.846,1.8268,0.1772,0.2575,0.0980,0.3722,0.0823,8
2026-02-02 23:49:19.058,1.0763,-0.2714,0.1500,0.4181,0.2976,1.5127,943
2026-02-02 23:49:19.058,1.8334,0.1736,0.4300,0.1016,0.3521,0.0851,9
2026-02-02 23:49:19.235,1.0762,-0.2714,0.1500,0.4187,0.2938,1.5246,944
2026-02-02 23:49:19.236,1.8361,0.1736,0.4475,0.1041,0.3274,0.0854,10
2026-02-02 23:49:19.459,1.0950,-0.2639,0.1475,0.4236,0.2927,1.5442,945
2026-02-02 23:49:19.459,1.8361,0.1761,0.4475,0.1044,0.3102,0.0857,11
2026-02-02 23:49:19.665,1.0950,-0.2639,0.1525,0.4270,0.2949,1.5579,946
2026-02-02 23:49:19.666,1.8361,0.1761,0.4475,0.1044,0.3102,0.0857,11
2026-02-02 23:49:19.897,1.0950,-0.2611,0.1550,0.4294,0.2979,1.5675,947
2026-02-02 23:49:19.897,1.8361,0.1761,0.4475,0.1044,0.3102,0.0857,11
2026-02-02 23:49:20.065,1.0862,-0.2711,0.1550,0.4311,0.3000,1.5689,948
2026-02-02 23:49:20.066,1.8361,0.1761,0.4475,0.1044,0.3102,0.0857,11
2026-02-02 23:49:20.224,1.0862,-0.2711,0.1550,0.4323,0.3015,1.5699,949
2026-02-02 23:49:20.225,1.8361,0.1761,0.4475,0.1044,0.3102,0.0857,11
2026-02-02 23:49:20.451,1.0862,-0.2761,0.1550,0.4361,0.3026,1.5706,950
2026-02-02 23:49:20.452,1.8361,0.1761,0.4475,0.1044,0.3102,0.0857,11
2026-02-02 23:49:20.644,1.0862,-0.2786,0.1550,0.4373,0.3033,1.5711,951
2026-02-02 23:49:20.644,1.8361,0.1761,0.4475,0.1044,0.3102,0.0857,11
2026-02-02 23:49:20.846,1.0862,-0.2811,0.1550,0.4396,0.3038,1.5715,952
2026-02-02 23:49:20.846,1.8361,0.1761,0.4475,0.1044,0.3102,0.0857,11
2026-02-02 23:49:21.090,1.0862,-0.2836,0.1550,0.4427,0.3042,1.5717,953
2026-02-02 23:49:21.090,1.8361,0.1761,0.4475,0.1044,0.3102,0.0857,11
2026-02-02 23:49:21.259,1.0862,-0.2836,0.1550,0.4449,0.3044,1.5719,954
2026-02-02 23:49:21.259,1.8361,0.1761,0.4475,0.1044,0.3102,0.0857,11
2026-02-02 23:49:21.495,1.0862,-0.2836,0.1625,0.4464,0.3091,1.5720,955
2026-02-02 23:49:21.495,1.8361,0.1761,0.4475,0.1044,0.3102,0.0857,11
2026-02-02 23:49:21.701,1.0862,-0.2836,0.1625,0.4475,0.3124,1.5721,956
2026-02-02 23:49:21.701,1.8361,0.1761,0.4475,0.1044,0.3102,0.0857,11
2026-02-02 23:49:21.898,1.0862,-0.2836,0.1625,0.4482,0.3147,1.5721,957
2026-02-02 23:49:21.898,1.8361,0.1761,0.4475,0.1044,0.3102,0.0857,11
2026-02-02 23:49:22.091,1.0905,-0.2786,0.1625,0.4518,0.3163,1.5748,958
2026-02-02 23:49:22.092,1.8361,0.1761,0.4475,0.1044,0.3102,0.0857,11
2026-02-02 23:49:22.318,1.0905,-0.2786,0.1625,0.4542,0.3174,1.5766,959
2026-02-02 23:49:22.319,1.8361,0.1761,0.4475,0.1044,0.3102,0.0857,11
2026-02-02 23:49:22.472,1.0905,-0.2786,0.1625,0.4560,0.3182,1.5779,960
2026-02-02 23:49:22.472,1.8361,0.1761,0.4475,0.1044,0.3102,0.0857,11
2026-02-02 23:49:22.691,1.0905,-0.2786,0.1575,0.4572,0.3157,1.5788,961
2026-02-02 23:49:22.691,1.8361,0.1761,0.4475,0.1044,0.3102,0.0857,11
2026-02-02 23:49:22.894,1.0905,-0.2786,0.1575,0.4580,0.3140,1.5794,962
2026-02-02 23:49:22.894,1.8361,0.1761,0.4475,0.1044,0.3102,0.0857,11
2026-02-02 23:49:23.094,1.0862,-0.2804,0.1575,0.4571,0.3128,1.5773,963
2026-02-02 23:49:23.095,1.8361,0.1761,0.4475,0.1044,0.3102,0.0857,11
2026-02-02 23:49:23.317,1.0862,-0.2829,0.1575,0.4550,0.3120,1.5758,964
2026-02-02 23:49:23.317,1.8361,0.1761,0.4475,0.1044,0.3102,0.0857,11
2026-02-02 23:49:23.517,1.0862,-0.2829,0.1550,0.4535,0.3099,1.5747,965
2026-02-02 23:49:23.517,1.8361,0.1761,0.4475,0.1044,0.3102,0.0857,11
2026-02-02 23:49:23.715,1.0862,-0.2854,0.1550,0.3850,0.3347,1.2660,967
2026-02-02 23:49:23.715,1.8361,0.1761,0.4475,0.1044,0.3102,0.0857,11
2026-02-02 23:49:23.943,1.0862,-0.2829,0.1575,0.4045,0.3273,1.3579,968
2026-02-02 23:49:23.943,1.8361,0.1761,0.4475,0.1044,0.3102,0.0857,11
2026-02-02 23:49:24.158,1.0862,-0.2829,0.1550,0.4181,0.3206,1.4222,969
2026-02-02 23:49:24.158,1.8361,0.1761,0.4475,0.1044,0.3102,0.0857,11
2026-02-02 23:49:24.329,1.0863,-0.2804,0.1550,0.4292,0.3159,1.4673,970
2026-02-02 23:49:24.330,1.8361,0.1761,0.4475,0.1044,0.3102,0.0857,11
2026-02-02 23:49:24.574,1.0863,-0.2729,0.1550,0.4324,0.3126,1.4989,971
2026-02-02 23:49:24.574,1.8361,0.1761,0.4475,0.1044,0.3102,0.0857,11
2026-02-02 23:49:24.792,1.0863,-0.2779,0.1550,0.4377,0.3103,1.5210,972
2026-02-02 23:49:24.792,1.8361,0.1761,0.4475,0.1044,0.3102,0.0857,11
2026-02-02 23:49:24.966,1.0863,-0.2779,0.1550,0.4414,0.3087,1.5365,973
2026-02-02 23:49:24.967,1.8361,0.1761,0.4475,0.1044,0.3102,0.0857,11
2026-02-02 23:49:25.196,1.0863,-0.2779,0.1550,0.4440,0.3076,1.5473,974
2026-02-02 23:49:25.197,1.8248,0.1796,0.2350,0.1016,0.3446,0.0947,12
2026-02-02 23:49:25.431,1.0863,-0.2779,0.1550,0.4458,0.3068,1.5549,975
2026-02-02 23:49:25.432,1.8248,0.1796,0.2350,0.0996,0.3688,0.1010,13
2026-02-02 23:49:25.602,1.0863,-0.2754,0.1575,0.4455,0.3078,1.5602,976
2026-02-02 23:49:25.603,1.8248,0.1771,0.2350,0.0967,0.3856,0.1054,14
2026-02-02 23:49:25.786,1.0863,-0.2729,0.1625,0.4439,0.3084,1.5639,977
2026-02-02 23:49:25.787,1.8248,0.1771,0.2350,0.0967,0.3856,0.1054,14
2026-02-02 23:49:25.977,1.0863,-0.2600,0.1625,0.4367,0.3089,1.5665,978
2026-02-02 23:49:25.977,1.8248,0.1771,0.2350,0.0967,0.3856,0.1054,14
2026-02-02 23:49:26.220,1.0863,-0.2550,0.1625,0.4287,0.3092,1.5683,979
2026-02-02 23:49:26.221,1.8367,0.1750,0.4200,0.0977,0.3674,0.1014,15
2026-02-02 23:49:26.396,1.0863,-0.2575,0.1625,0.4216,0.3095,1.5696,980
2026-02-02 23:49:26.396,1.8367,0.1750,0.4200,0.0977,0.3674,0.1014,15
2026-02-02 23:49:26.591,1.0863,-0.2575,0.1625,0.4166,0.3096,1.5705,981
2026-02-02 23:49:26.591,1.8367,0.1750,0.4200,0.0977,0.3674,0.1014,15
2026-02-02 23:49:26.799,1.0863,-0.2575,0.1625,0.4131,0.3097,1.5711,982
2026-02-02 23:49:26.799,1.8367,0.1750,0.4200,0.0977,0.3674,0.1014,15
2026-02-02 23:49:27.021,1.0863,-0.2575,0.1625,0.4107,0.3098,1.5716,983
2026-02-02 23:49:27.022,1.8367,0.1750,0.4200,0.0977,0.3674,0.1014,15
2026-02-02 23:49:27.203,1.0864,-0.2575,0.1650,0.4090,0.3084,1.5718,984
2026-02-02 23:49:27.203,1.8367,0.1750,0.4200,0.0977,0.3674,0.1014,15
2026-02-02 23:49:27.433,1.0864,-0.2575,0.1650,0.4078,0.3074,1.5720,985
2026-02-02 23:49:27.433,1.8367,0.1750,0.4200,0.0977,0.3674,0.1014,15
2026-02-02 23:49:27.606,1.0864,-0.2575,0.1650,0.4070,0.3067,1.5721,986
2026-02-02 23:49:27.606,1.8367,0.1750,0.4200,0.0977,0.3674,0.1014,15
2026-02-02 23:49:27.798,1.0943,-0.2575,0.1650,0.4064,0.3062,1.5769,987
2026-02-02 23:49:27.799,1.8367,0.1750,0.4200,0.0977,0.3674,0.1014,15
2026-02-02 23:49:28.047,1.0943,-0.2575,0.1650,0.4060,0.3058,1.5803,988
2026-02-02 23:49:28.047,1.8367,0.1750,0.4200,0.0977,0.3674,0.1014,15
2026-02-02 23:49:28.224,1.0943,-0.2575,0.1650,0.4057,0.3056,1.5827,989
2026-02-02 23:49:28.225,1.8334,0.2075,0.2000,0.1059,0.3697,0.1050,16
2026-02-02 23:49:28.429,1.0943,-0.2575,0.1650,0.4055,0.3054,1.5844,990
2026-02-02 23:49:28.429,1.8334,0.2100,0.2000,0.1101,0.3713,0.1075,17
2026-02-02 23:49:28.652,1.0943,-0.2575,0.1650,0.4053,0.3053,1.5855,991
2026-02-02 23:49:28.653,1.8334,0.2100,0.2000,0.1131,0.3724,0.1092,18
2026-02-02 23:49:28.827,1.0943,-0.2625,0.1650,0.4082,0.3052,1.5864,992
2026-02-02 23:49:28.827,1.8334,0.2100,0.2000,0.1152,0.3732,0.1104,19
2026-02-02 23:49:29.070,1.0943,-0.2625,0.1650,0.4103,0.3051,1.5869,993
2026-02-02 23:49:29.071,1.8334,0.2100,0.2000,0.1166,0.3737,0.1113,20
2026-02-02 23:49:29.258,1.0943,-0.2625,0.1650,0.4117,0.3051,1.5873,994
2026-02-02 23:49:29.259,1.8334,0.2100,0.2000,0.1176,0.3741,0.1119,21
2026-02-02 23:49:29.477,1.0943,-0.2625,0.1625,0.4127,0.3036,1.5876,995
2026-02-02 23:49:29.477,1.8334,0.2100,0.2000,0.1183,0.3744,0.1123,22
2026-02-02 23:49:29.673,1.0943,-0.2625,0.1625,0.4134,0.3025,1.5878,996
2026-02-02 23:49:29.673,1.8489,0.2250,0.2000,0.1098,0.3746,0.1033,23
2026-02-02 23:49:29.890,1.0943,-0.2650,0.1625,0.4124,0.3017,1.5879,997
2026-02-02 23:49:29.890,1.8489,0.2225,0.2000,0.1024,0.3747,0.0970,24
2026-02-02 23:49:30.147,1.0852,-0.2675,0.1525,0.4102,0.2952,1.5825,998
2026-02-02 23:49:30.147,1.8489,0.2225,0.2000,0.0972,0.3748,0.0926,25
2026-02-02 23:49:30.328,1.0809,-0.2675,0.1575,0.4086,0.2937,1.5762,999
2026-02-02 23:49:30.328,1.8489,0.2225,0.2000,0.0972,0.3748,0.0926,25
2026-02-02 23:49:30.498,1.0943,-0.2675,0.1625,0.4075,0.2956,1.5798,1000
2026-02-02 23:49:30.498,1.8489,0.2225,0.2000,0.0972,0.3748,0.0926,25
2026-02-02 23:49:30.679,1.0943,-0.2700,0.1625,0.4083,0.2969,1.5823,1001
2026-02-02 23:49:30.680,1.8489,0.2225,0.2000,0.0972,0.3748,0.0926,25
2026-02-02 23:49:30.880,1.0943,-0.2700,0.1625,0.4088,0.2978,1.5841,1002
2026-02-02 23:49:30.880,1.8489,0.2225,0.2000,0.0972,0.3748,0.0926,25
2026-02-02 23:49:31.101,1.0943,-0.2675,0.1700,0.4107,0.3030,1.5854,1003
2026-02-02 23:49:31.102,1.8489,0.2225,0.2000,0.0972,0.3748,0.0926,25
2026-02-02 23:49:31.275,1.0849,-0.2695,0.1675,0.4090,0.3081,1.5807,1004
2026-02-02 23:49:31.275,1.8489,0.2225,0.2000,0.0972,0.3748,0.0926,25
2026-02-02 23:49:31.526,1.0849,-0.2695,0.2975,0.4078,0.3897,1.5774,1005
2026-02-02 23:49:31.526,1.8489,0.2225,0.2000,0.0972,0.3748,0.0926,25
2026-02-02 23:49:31.712,1.0685,-0.2820,0.1525,0.4174,0.3628,1.5653,1006
2026-02-02 23:49:31.712,1.8489,0.2225,0.2000,0.0972,0.3748,0.0926,25
2026-02-02 23:49:31.920,1.0685,-0.2820,0.1525,0.4242,0.3439,1.5568,1007
2026-02-02 23:49:31.921,1.8489,0.2225,0.2000,0.0972,0.3748,0.0926,25
2026-02-02 23:49:32.111,1.0685,-0.2770,0.1525,0.4259,0.3308,1.5508,1008
2026-02-02 23:49:32.111,1.8489,0.2225,0.2000,0.0972,0.3748,0.0926,25
2026-02-02 23:49:32.326,1.0898,-0.2770,0.1550,0.4272,0.3230,1.5595,1009
2026-02-02 23:49:32.327,1.8489,0.2225,0.2000,0.0972,0.3748,0.0926,25
2026-02-02 23:49:32.597,1.0942,-0.2770,0.1575,0.4280,0.3191,1.5682,1010
2026-02-02 23:49:32.597,1.8489,0.2225,0.2000,0.0972,0.3748,0.0926,25
2026-02-02 23:49:32.774,1.0942,-0.2770,0.1600,0.4286,0.3149,1.5743,1011
2026-02-02 23:49:32.774,1.8489,0.2225,0.2000,0.0972,0.3748,0.0926,25
2026-02-02 23:49:32.946,1.0898,-0.2770,0.1525,0.4290,0.3074,1.5759,1012
2026-02-02 23:49:32.947,1.8489,0.2225,0.2000,0.0972,0.3748,0.0926,25
2026-02-02 23:49:33.185,1.0898,-0.2770,0.1550,0.4293,0.3037,1.5770,1013
2026-02-02 23:49:33.186,1.8489,0.2225,0.2000,0.0972,0.3748,0.0926,25
2026-02-02 23:49:33.411,1.0898,-0.2695,0.1500,0.4250,0.3011,1.5778,1014
2026-02-02 23:49:33.411,1.8489,0.2225,0.2000,0.0972,0.3748,0.0926,25
2026-02-02 23:49:33.582,1.0898,-0.2720,0.1500,0.4235,0.2993,1.5783,1015
2026-02-02 23:49:33.582,1.8489,0.2225,0.2000,0.0972,0.3748,0.0926,25
2026-02-02 23:49:33.800,1.0898,-0.2745,0.1525,0.4240,0.2995,1.5787,1016
2026-02-02 23:49:33.800,1.8489,0.2225,0.2000,0.0972,0.3748,0.0926,25
2026-02-02 23:49:33.980,1.0898,-0.2725,0.1500,0.4243,0.2981,1.5790,1017
2026-02-02 23:49:33.980,1.8489,0.2225,0.2000,0.0972,0.3748,0.0926,25
2026-02-02 23:49:34.205,1.0898,-0.2725,0.1500,0.4245,0.2972,1.5792,1018
2026-02-02 23:49:34.206,1.8362,0.1800,0.3875,0.0920,0.3794,0.0932,26
2026-02-02 23:49:34.412,1.0898,-0.2725,0.1500,0.4246,0.2965,1.5793,1019
2026-02-02 23:49:34.412,1.8362,0.1800,0.3875,0.0884,0.3825,0.0936,27
2026-02-02 23:49:34.567,1.0898,-0.2725,0.1525,0.4248,0.2946,1.5794,1020
2026-02-02 23:49:34.567,1.8362,0.1800,0.3875,0.0884,0.3825,0.0936,27
2026-02-02 23:49:34.768,1.0898,-0.2800,0.1525,0.4293,0.2932,1.5795,1021
2026-02-02 23:49:34.768,1.8362,0.1800,0.3875,0.0884,0.3825,0.0936,27
2026-02-02 23:49:35.014,1.0898,-0.2800,0.1525,0.3623,0.3084,1.2708,1023
2026-02-02 23:49:35.015,1.8362,0.1800,0.3875,0.0884,0.3825,0.0936,27
2026-02-02 23:49:35.196,1.0898,-0.2782,0.1525,0.3841,0.3059,1.3634,1024
2026-02-02 23:49:35.196,1.8362,0.1800,0.3875,0.0884,0.3825,0.0936,27
2026-02-02 23:49:35.440,1.0898,-0.2807,0.1525,0.4009,0.3041,1.4283,1025
2026-02-02 23:49:35.440,1.8362,0.1800,0.3875,0.0884,0.3825,0.0936,27
2026-02-02 23:49:35.620,1.0898,-0.2782,0.1525,0.4111,0.3029,1.4737,1026
2026-02-02 23:49:35.620,1.8362,0.1800,0.3875,0.0884,0.3825,0.0936,27
2026-02-02 23:49:35.784,1.0898,-0.2782,0.1525,0.4183,0.3020,1.5055,1027
2026-02-02 23:49:35.785,1.8220,0.2043,0.1975,0.0979,0.3788,0.0981,28
2026-02-02 23:49:35.986,1.0898,-0.2807,0.1600,0.4248,0.3059,1.5277,1028
2026-02-02 23:49:35.986,1.8220,0.2043,0.1975,0.1045,0.3761,0.1012,29
2026-02-02 23:49:36.185,1.0898,-0.2807,0.1600,0.4294,0.3086,1.5433,1029
2026-02-02 23:49:36.185,1.8220,0.2043,0.1975,0.1045,0.3761,0.1012,29
2026-02-02 23:49:36.426,1.0898,-0.2795,0.1725,0.4311,0.3150,1.5542,1030
2026-02-02 23:49:36.426,1.8220,0.2043,0.1975,0.1045,0.3761,0.1012,29
2026-02-02 23:49:36.651,1.0898,-0.2795,0.1725,0.4322,0.3195,1.5618,1031
2026-02-02 23:49:36.652,1.8220,0.2043,0.1975,0.1045,0.3761,0.1012,29
2026-02-02 23:49:36.834,1.0898,-0.2754,0.1700,0.4346,0.3242,1.5672,1032
2026-02-02 23:49:36.835,1.8220,0.2043,0.1975,0.1045,0.3761,0.1012,29
2026-02-02 23:49:37.062,1.0898,-0.2792,0.1625,0.4362,0.3199,1.5709,1033
2026-02-02 23:49:37.062,1.8286,0.2133,0.2625,0.1047,0.4133,0.1031,30
2026-02-02 23:49:37.261,1.0898,-0.2792,0.1625,0.4373,0.3169,1.5735,1034
2026-02-02 23:49:37.261,1.8286,0.2133,0.2625,0.1048,0.4393,0.1045,31
2026-02-02 23:49:37.495,1.0898,-0.2805,0.1625,0.4381,0.3149,1.5754,1035
2026-02-02 23:49:37.495,1.8286,0.2133,0.2625,0.1048,0.4393,0.1045,31
2026-02-02 23:49:37.688,1.0898,-0.2767,0.1550,0.4387,0.3119,1.5766,1036
2026-02-02 23:49:37.688,1.8286,0.2133,0.2625,0.1048,0.4393,0.1045,31
2026-02-02 23:49:37.880,1.0861,-0.2821,0.1525,0.4376,0.3053,1.5753,1037
2026-02-02 23:49:37.880,1.8286,0.2133,0.2625,0.1048,0.4393,0.1045,31
2026-02-02 23:49:38.098,1.0861,-0.2802,0.1500,0.4368,0.3022,1.5744,1038
2026-02-02 23:49:38.099,1.8286,0.2133,0.2625,0.1048,0.4393,0.1045,31
2026-02-02 23:49:38.282,1.0878,-0.2777,0.1450,0.4378,0.2971,1.5747,1039
2026-02-02 23:49:38.282,1.8286,0.2133,0.2625,0.1048,0.4393,0.1045,31
2026-02-02 23:49:38.502,1.0861,-0.2777,0.1450,0.4354,0.2934,1.5740,1040
2026-02-02 23:49:38.503,1.8286,0.2133,0.2625,0.1048,0.4393,0.1045,31
2026-02-02 23:49:38.684,1.0861,-0.2777,0.1475,0.4338,0.2894,1.5735,1041
2026-02-02 23:49:38.684,1.8286,0.2133,0.2625,0.1048,0.4393,0.1045,31
2026-02-02 23:49:38.875,1.0865,-0.2797,0.1500,0.4327,0.2851,1.5729,1042
2026-02-02 23:49:38.875,1.8286,0.2133,0.2625,0.1048,0.4393,0.1045,31
2026-02-02 23:49:39.081,1.0878,-0.2747,0.1475,0.4349,0.2836,1.5737,1043
2026-02-02 23:49:39.082,1.8286,0.2133,0.2625,0.1048,0.4393,0.1045,31
2026-02-02 23:49:39.298,1.0878,-0.2747,0.1650,0.4364,0.2900,1.5742,1044
2026-02-02 23:49:39.298,1.8286,0.2133,0.2625,0.1048,0.4393,0.1045,31
2026-02-02 23:49:39.494,1.0878,-0.2747,0.1650,0.4375,0.2945,1.5746,1045
2026-02-02 23:49:39.495,1.8286,0.2133,0.2625,0.1048,0.4393,0.1045,31
2026-02-02 23:49:39.697,1.0878,-0.2747,0.1650,0.4382,0.2976,1.5749,1046
2026-02-02 23:49:39.697,1.8286,0.2133,0.2625,0.1048,0.4393,0.1045,31
2026-02-02 23:49:39.921,1.0878,-0.2747,0.1650,0.4388,0.2999,1.5751,1047
2026-02-02 23:49:39.922,1.8286,0.2133,0.2625,0.1048,0.4393,0.1045,31
2026-02-02 23:49:40.147,1.0908,-0.2697,0.1650,0.4421,0.3014,1.5770,1048
2026-02-02 23:49:40.147,1.8286,0.2133,0.2625,0.1048,0.4393,0.1045,31
2026-02-02 23:49:40.321,1.0908,-0.2697,0.1650,0.4445,0.3025,1.5784,1049
2026-02-02 23:49:40.321,1.8286,0.2133,0.2625,0.1048,0.4393,0.1045,31
2026-02-02 23:49:40.543,1.0908,-0.2697,0.2050,0.4461,0.3272,1.5793,1050
2026-02-02 23:49:40.543,1.8286,0.2133,0.2625,0.1048,0.4393,0.1045,31
2026-02-02 23:49:40.763,1.0908,-0.2672,0.2050,0.4488,0.3446,1.5800,1051
2026-02-02 23:49:40.763,1.8286,0.2133,0.2625,0.1048,0.4393,0.1045,31
2026-02-02 23:49:40.977,1.0947,-0.2672,0.2550,0.4507,0.3867,1.5828,1052
2026-02-02 23:49:40.978,1.8286,0.2133,0.2625,0.1048,0.4393,0.1045,31
2026-02-02 23:49:41.135,1.0947,-0.2672,0.2475,0.4520,0.4117,1.5847,1053
2026-02-02 23:49:41.136,1.8286,0.2133,0.2625,0.1048,0.4393,0.1045,31
2026-02-02 23:49:41.388,1.0947,-0.2697,0.2450,0.4514,0.4277,1.5861,1054
2026-02-02 23:49:41.388,1.8286,0.2133,0.2625,0.1048,0.4393,0.1045,31
2026-02-02 23:49:41.561,1.1019,-0.2647,0.2475,0.4480,0.4374,1.5827,1055
2026-02-02 23:49:41.562,1.8286,0.2133,0.2625,0.1048,0.4393,0.1045,31
2026-02-02 23:49:41.785,1.0988,-0.2447,0.2475,0.4576,0.4442,1.5822,1056
2026-02-02 23:49:41.785,1.8286,0.2133,0.2625,0.1048,0.4393,0.1045,31
2026-02-02 23:49:42.001,1.0992,-0.2447,0.2475,0.4643,0.4489,1.5815,1057
2026-02-02 23:49:42.001,1.8286,0.2133,0.2625,0.1048,0.4393,0.1045,31
2026-02-02 23:49:42.195,1.0992,-0.2447,0.2475,0.4690,0.4522,1.5811,1058
2026-02-02 23:49:42.196,1.8286,0.2133,0.2625,0.1048,0.4393,0.1045,31
2026-02-02 23:49:42.394,1.1019,-0.2447,0.2475,0.4723,0.4546,1.5792,1059
2026-02-02 23:49:42.395,1.8286,0.2133,0.2625,0.1048,0.4393,0.1045,31
2026-02-02 23:49:42.609,1.5630,-0.1372,0.2475,0.3561,0.4428,1.1084,1061
2026-02-02 23:49:42.609,1.8286,0.2133,0.2625,0.1048,0.4393,0.1045,31
2026-02-02 23:49:42.799,1.5630,-0.1372,0.2475,0.2991,0.4370,0.8778,1063
2026-02-02 23:49:42.799,1.8286,0.2133,0.2625,0.1048,0.4393,0.1045,31
2026-02-02 23:49:42.991,1.5430,-0.1522,0.2475,0.2672,0.4342,0.7767,1065
2026-02-02 23:49:42.991,1.8286,0.2133,0.2625,0.1048,0.4393,0.1045,31
2026-02-02 23:49:43.197,1.6832,-0.0822,0.2300,0.1880,0.4185,0.6281,1068
2026-02-02 23:49:43.197,1.8286,0.2133,0.2625,0.1048,0.4393,0.1045,31
2026-02-02 23:49:43.368,1.6832,-0.0822,0.2300,0.1616,0.4153,0.7069,1071
2026-02-02 23:49:43.369,1.8286,0.2133,0.2625,0.1048,0.4393,0.1045,31
2026-02-02 23:49:43.573,1.5430,-0.1522,0.2475,0.2029,0.4288,0.8786,1073
2026-02-02 23:49:43.573,1.8286,0.2133,0.2625,0.1048,0.4393,0.1045,31
2026-02-02 23:49:43.781,1.0947,-0.2522,0.2450,0.2906,0.4396,1.0918,1074
2026-02-02 23:49:43.782,1.8286,0.2133,0.2625,0.1048,0.4393,0.1045,31
2026-02-02 23:49:43.984,1.0947,-0.2497,0.2450,0.3534,0.4473,1.2410,1075
2026-02-02 23:49:43.984,1.8286,0.2133,0.2625,0.1048,0.4393,0.1045,31
2026-02-02 23:49:44.191,1.0946,-0.2520,0.2350,0.3989,0.4526,1.3455,1076
2026-02-02 23:49:44.191,1.8286,0.2133,0.2625,0.1048,0.4393,0.1045,31
2026-02-02 23:49:44.398,1.0946,-0.2512,0.2400,0.4337,0.4593,1.4186,1077
2026-02-02 23:49:44.398,1.8286,0.2133,0.2625,0.1048,0.4393,0.1045,31
2026-02-02 23:49:44.583,1.0946,-0.2499,0.2450,0.4566,0.4670,1.4698,1078
2026-02-02 23:49:44.583,1.8286,0.2133,0.2625,0.1048,0.4393,0.1045,31
2026-02-02 23:49:44.791,1.0946,-0.2499,0.2450,0.4726,0.4724,1.5057,1079
2026-02-02 23:49:44.792,1.8286,0.2133,0.2625,0.1048,0.4393,0.1045,31
2026-02-02 23:49:45.005,1.0955,-0.2499,0.2425,0.4838,0.4747,1.5313,1080
2026-02-02 23:49:45.006,1.8286,0.2133,0.2625,0.1048,0.4393,0.1045,31
2026-02-02 23:49:45.259,1.0955,-0.2499,0.2450,0.4917,0.4778,1.5492,1081
2026-02-02 23:49:45.260,1.8286,0.2133,0.2625,0.1048,0.4393,0.1045,31
2026-02-02 23:49:45.465,1.0997,-0.2499,0.2450,0.4972,0.4799,1.5642,1082
2026-02-02 23:49:45.465,1.8286,0.2133,0.2625,0.1048,0.4393,0.1045,31
2026-02-02 23:49:45.684,1.0997,-0.2499,0.2450,0.5010,0.4815,1.5748,1083
2026-02-02 23:49:45.685,1.8286,0.2133,0.2625,0.1048,0.4393,0.1045,31
2026-02-02 23:49:45.861,1.0997,-0.2499,0.2450,0.5037,0.4825,1.5821,1084
2026-02-02 23:49:45.862,1.8286,0.2133,0.2625,0.1048,0.4393,0.1045,31
2026-02-02 23:49:46.096,1.0997,-0.2549,0.2450,0.5086,0.4833,1.5873,1085
2026-02-02 23:49:46.097,1.8286,0.2133,0.2625,0.1048,0.4393,0.1045,31
2026-02-02 23:49:46.270,1.0997,-0.2549,0.2450,0.5120,0.4838,1.5909,1086
2026-02-02 23:49:46.270,1.8286,0.2133,0.2625,0.1048,0.4393,0.1045,31
2026-02-02 23:49:46.455,1.0997,-0.2549,0.2500,0.5159,0.4812,1.5934,1087
2026-02-02 23:49:46.455,1.8286,0.2133,0.2625,0.1048,0.4393,0.1045,31
2026-02-02 23:49:46.640,1.0997,-0.2574,0.2500,0.5201,0.4793,1.5952,1088
2026-02-02 23:49:46.641,1.8286,0.2133,0.2625,0.1048,0.4393,0.1045,31
2026-02-02 23:49:46.841,1.0997,-0.2591,0.2500,0.5246,0.4780,1.5964,1089
2026-02-02 23:49:46.841,1.8286,0.2133,0.2625,0.1048,0.4393,0.1045,31
2026-02-02 23:49:47.056,1.0997,-0.2591,0.2450,0.5277,0.4801,1.5973,1090
2026-02-02 23:49:47.057,1.8286,0.2133,0.2625,0.1048,0.4393,0.1045,31
2026-02-02 23:49:47.276,1.0997,-0.2616,0.2950,0.5284,0.5116,1.5979,1091
2026-02-02 23:49:47.276,1.8286,0.2133,0.2625,0.1048,0.4393,0.1045,31
2026-02-02 23:49:47.468,1.0997,-0.2641,0.2950,0.5304,0.5336,1.5983,1092
2026-02-02 23:49:47.468,1.8286,0.2133,0.2625,0.1048,0.4393,0.1045,31
2026-02-02 23:49:47.708,1.0997,-0.2616,0.2950,0.5333,0.5490,1.5986,1093
2026-02-02 23:49:47.708,1.8286,0.2133,0.2625,0.1048,0.4393,0.1045,31
2026-02-02 23:49:47.875,1.0997,-0.2616,0.2950,0.5353,0.5598,1.5989,1094
2026-02-02 23:49:47.875,1.8286,0.2133,0.2625,0.1048,0.4393,0.1045,31
2026-02-02 23:49:48.089,1.0997,-0.2641,0.2950,0.5352,0.5674,1.5990,1095
2026-02-02 23:49:48.090,1.8286,0.2133,0.2625,0.1048,0.4393,0.1045,31
2026-02-02 23:49:48.333,1.0997,-0.2616,0.2950,0.5366,0.5727,1.5991,1096
2026-02-02 23:49:48.333,1.8286,0.2133,0.2625,0.1048,0.4393,0.1045,31
2026-02-02 23:49:48.535,1.0997,-0.2616,0.2950,0.5376,0.5764,1.5992,1097
2026-02-02 23:49:48.536,1.8286,0.2133,0.2625,0.1048,0.4393,0.1045,31
2026-02-02 23:49:48.686,1.0997,-0.2616,0.2950,0.5384,0.5790,1.5992,1098
2026-02-02 23:49:48.686,1.8286,0.2133,0.2625,0.1048,0.4393,0.1045,31
2026-02-02 23:49:48.924,1.0997,-0.2616,0.2950,0.5388,0.5808,1.5993,1099
2026-02-02 23:49:48.925,1.8286,0.2133,0.2625,0.1048,0.4393,0.1045,31
2026-02-02 23:49:49.117,1.0997,-0.2591,0.2950,0.5407,0.5820,1.5993,1100
2026-02-02 23:49:49.118,1.8286,0.2133,0.2625,0.1048,0.4393,0.1045,31
2026-02-02 23:49:49.300,1.0997,-0.2616,0.2400,0.5435,0.5499,1.5993,1101
2026-02-02 23:49:49.300,1.8286,0.2133,0.2625,0.1048,0.4393,0.1045,31
2026-02-02 23:49:49.529,1.0997,-0.2516,0.2400,0.5394,0.5274,1.5993,1102
2026-02-02 23:49:49.529,1.8286,0.2133,0.2625,0.1048,0.4393,0.1045,31
2026-02-02 23:49:49.718,1.0997,-0.2591,0.2425,0.5411,0.5132,1.5993,1103
2026-02-02 23:49:49.942,1.0997,-0.2541,0.2425,0.5393,0.5032,1.5993,1104
2026-02-02 23:49:50.127,1.0997,-0.2516,0.2425,0.5365,0.4963,1.5993,1105
2026-02-02 23:49:50.314,1.0997,-0.2516,0.2425,0.5345,0.4914,1.5993,1106
2026-02-02 23:49:50.566,1.0997,-0.2541,0.2425,0.5347,0.4880,1.5994,1107
2026-02-02 23:49:50.720,1.0997,-0.2491,0.2425,0.5318,0.4856,1.5994,1108
2026-02-02 23:49:50.969,1.0996,-0.2491,0.2425,0.5297,0.4839,1.5993,1109
2026-02-02 23:49:51.145,1.0996,-0.2466,0.2450,0.5268,0.4812,1.5992,1110
2026-02-02 23:49:51.364,1.0996,-0.2466,0.2450,0.5248,0.4794,1.5992,1111
2026-02-02 23:49:51.555,1.0996,-0.2466,0.2450,0.5233,0.4781,1.5992,1112
2026-02-02 23:49:51.783,1.0996,-0.2466,0.2450,0.5223,0.4771,1.5992,1113
2026-02-02 23:49:51.986,1.0996,-0.2466,0.2450,0.5216,0.4765,1.5992,1114
2026-02-02 23:49:52.141,1.0996,-0.2491,0.2425,0.5226,0.4745,1.5991,1115
2026-02-02 23:49:52.388,1.0991,-0.2530,0.2375,0.5204,0.4702,1.5988,1116
2026-02-02 23:49:52.556,1.0991,-0.2555,0.2325,0.5202,0.4641,1.5986,1117
2026-02-02 23:49:52.800,1.0991,-0.2555,0.2425,0.5202,0.4659,1.5985,1118
2026-02-02 23:49:52.979,1.0991,-0.2555,0.2425,0.5201,0.4671,1.5984,1119
2026-02-02 23:49:53.224,1.0991,-0.2555,0.2400,0.5201,0.4695,1.5983,1120
2026-02-02 23:49:53.433,1.0991,-0.2555,0.2425,0.5201,0.4726,1.5983,1121
2026-02-02 23:49:53.648,1.0996,-0.2480,0.2425,0.5245,0.4748,1.5985,1122
2026-02-02 23:49:53.818,1.0996,-0.2530,0.2425,0.5307,0.4764,1.5987,1123
2026-02-02 23:49:54.031,1.0996,-0.2555,0.2500,0.5335,0.4820,1.5989,1124
2026-02-02 23:49:54.235,1.0978,-0.2605,0.2500,0.5324,0.4859,1.5979,1125
2026-02-02 23:49:54.429,1.0978,-0.2605,0.2975,0.5317,0.5171,1.5972,1126
2026-02-02 23:49:54.661,1.0978,-0.2605,0.2975,0.5312,0.5390,1.5967,1127
2026-02-02 23:49:54.825,1.0978,-0.2580,0.2975,0.5293,0.5543,1.5964,1128
2026-02-02 23:49:55.058,1.0978,-0.2605,0.2975,0.5295,0.5650,1.5961,1129
2026-02-02 23:49:55.234,1.0998,-0.2605,0.2425,0.5297,0.5395,1.5972,1130
2026-02-02 23:49:55.467,1.0998,-0.2630,0.2400,0.5283,0.5172,1.5979,1131
2026-02-02 23:49:55.630,1.0998,-0.2605,0.2375,0.5288,0.5000,1.5984,1132
2026-02-02 23:49:55.862,1.0998,-0.2555,0.2400,0.5322,0.4865,1.5988,1133
2026-02-02 23:49:56.064,1.0998,-0.2555,0.2400,0.5345,0.4771,1.5990,1134
2026-02-02 23:49:56.278,1.0998,-0.2555,0.2400,0.5362,0.4704,1.5992,1135
2026-02-02 23:49:56.457,1.0998,-0.2570,0.2400,0.5373,0.4658,1.5993,1136
2026-02-02 23:49:56.698,1.0998,-0.2570,0.2400,0.5381,0.4626,1.5994,1137
2026-02-02 23:49:56.853,1.0998,-0.2545,0.2400,0.5372,0.4603,1.5995,1138
2026-02-02 23:49:57.093,1.0998,-0.2545,0.2400,0.5365,0.4587,1.5995,1139
2026-02-02 23:49:57.306,1.0998,-0.2570,0.2400,0.5376,0.4576,1.5995,1140
2026-02-02 23:49:57.508,1.0998,-0.2420,0.2400,0.5323,0.4568,1.5996,1141
2026-02-02 23:49:57.708,1.0998,-0.2420,0.2475,0.5286,0.4608,1.5996,1142
2026-02-02 23:49:57.914,1.0998,-0.2420,0.3025,0.5260,0.4965,1.5996,1143
2026-02-02 23:49:58.128,1.0998,-0.2420,0.3025,0.5242,0.5216,1.5996,1144
2026-02-02 23:49:58.330,1.0998,-0.2420,0.3025,0.5230,0.5391,1.5996,1145
2026-02-02 23:49:58.496,1.0998,-0.2420,0.3025,0.5221,0.5514,1.5996,1146
2026-02-02 23:49:58.714,1.0998,-0.2320,0.3025,0.5154,0.5600,1.5996,1147
2026-02-02 23:49:58.953,1.0998,-0.2470,0.3025,0.5108,0.5660,1.5996,1148
2026-02-02 23:49:59.136,1.0998,-0.2470,0.3025,0.5076,0.5702,1.5996,1149
2026-02-02 23:49:59.311,1.0998,-0.2470,0.2675,0.5053,0.5521,1.5996,1150
2026-02-02 23:49:59.554,1.0998,-0.2620,0.2675,0.4947,0.5395,1.5996,1151
2026-02-02 23:49:59.750,1.0998,-0.2620,0.2625,0.4873,0.5276,1.5996,1152
2026-02-02 23:49:59.945,1.0998,-0.2620,0.2625,0.4008,0.5240,1.2861,1154
2026-02-02 23:50:00.140,1.0998,-0.2620,0.2625,0.3584,0.5223,1.1325,1156
2026-02-02 23:50:00.393,1.0998,-0.2620,0.2625,0.3460,0.5214,1.0572,1158
2026-02-02 23:50:00.551,1.0998,-0.2620,0.2625,0.3305,0.5210,1.0203,1160
2026-02-02 23:50:00.768,1.0986,-0.2595,0.2600,0.3269,0.5193,1.0015,1162
2026-02-02 23:50:00.985,1.0966,-0.2470,0.2600,0.3327,0.5185,0.9925,1164
2026-02-02 23:50:01.218,1.0966,-0.2520,0.2600,0.3336,0.5180,0.9881,1166
2026-02-02 23:50:01.219,1.8490,0.1930,0.3075,0.0950,0.5700,0.0681,3
2026-02-02 23:50:01.400,1.0966,-0.2520,0.2525,0.3361,0.5133,0.9859,1168
2026-02-02 23:50:01.400,1.8490,0.1930,0.3075,0.0950,0.5700,0.0681,3
2026-02-02 23:50:01.646,1.0966,-0.2520,0.2525,0.3838,0.5033,1.1681,1169
2026-02-02 23:50:01.646,1.8490,0.1930,0.3075,0.0950,0.5700,0.0681,3
2026-02-02 23:50:01.816,1.0939,-0.2520,0.2450,0.4171,0.4918,1.2940,1170
2026-02-02 23:50:01.816,1.8490,0.1930,0.3075,0.0950,0.5700,0.0681,3
2026-02-02 23:50:01.991,1.0939,-0.2520,0.2450,0.4405,0.4838,1.3821,1171
2026-02-02 23:50:01.991,1.8490,0.1930,0.3075,0.0950,0.5700,0.0681,3
2026-02-02 23:50:02.232,1.0939,-0.2520,0.2450,0.4568,0.4781,1.4438,1172
2026-02-02 23:50:02.232,1.8490,0.1930,0.3075,0.0950,0.5700,0.0681,3
2026-02-02 23:50:02.389,1.0941,-0.2520,0.2450,0.4683,0.4742,1.4871,1173
2026-02-02 23:50:02.390,1.8490,0.1930,0.3075,0.0950,0.5700,0.0681,3
2026-02-02 23:50:02.637,1.0941,-0.2520,0.2475,0.4021,0.4731,1.2287,1175
2026-02-02 23:50:02.637,1.8490,0.1930,0.3075,0.0950,0.5700,0.0681,3
2026-02-02 23:50:02.796,1.0974,-0.2520,0.2575,0.3697,0.4702,1.1040,1177
2026-02-02 23:50:02.797,1.8490,0.1930,0.3075,0.0950,0.5700,0.0681,3
2026-02-02 23:50:03.041,1.0991,-0.2595,0.2450,0.3583,0.4612,1.0440,1179
2026-02-02 23:50:03.041,1.8490,0.1930,0.3075,0.0950,0.5700,0.0681,3
2026-02-02 23:50:03.221,1.0991,-0.2570,0.2450,0.3479,0.4569,1.0146,1181
2026-02-02 23:50:03.222,1.8490,0.1930,0.3075,0.0950,0.5700,0.0681,3
2026-02-02 23:50:03.427,1.0991,-0.2570,0.2450,0.3428,0.4547,1.0001,1183
2026-02-02 23:50:03.428,1.8490,0.1930,0.3075,0.0950,0.5700,0.0681,3
2026-02-02 23:50:03.651,1.0991,-0.2645,0.2450,0.3358,0.4537,0.9931,1185
2026-02-02 23:50:03.651,1.8490,0.1930,0.3075,0.0950,0.5700,0.0681,3
2026-02-02 23:50:03.827,1.0991,-0.2595,0.2450,0.3354,0.4531,0.9896,1187
2026-02-02 23:50:03.828,1.8490,0.1930,0.3075,0.0950,0.5700,0.0681,3
2026-02-02 23:50:04.039,1.0991,-0.2595,0.2450,0.3878,0.4567,1.1722,1188
2026-02-02 23:50:04.040,1.8490,0.1930,0.3075,0.0950,0.5700,0.0681,3
2026-02-02 23:50:04.242,1.0991,-0.2645,0.2450,0.4275,0.4592,1.2999,1189
2026-02-02 23:50:04.243,1.8490,0.1930,0.3075,0.0950,0.5700,0.0681,3
2026-02-02 23:50:04.448,1.0991,-0.2620,0.2450,0.4567,0.4609,1.3894,1190
2026-02-02 23:50:04.449,1.8490,0.1930,0.3075,0.0950,0.5700,0.0681,3
2026-02-02 23:50:04.631,1.0991,-0.2620,0.2450,0.4772,0.4622,1.4520,1191
2026-02-02 23:50:04.632,1.8490,0.1930,0.3075,0.0950,0.5700,0.0681,3
2026-02-02 23:50:04.891,1.0991,-0.2670,0.2475,0.4945,0.4645,1.4958,1192
2026-02-02 23:50:04.891,1.8490,0.1930,0.3075,0.0950,0.5700,0.0681,3
2026-02-02 23:50:05.075,1.0991,-0.2570,0.2650,0.5007,0.4767,1.5265,1193
2026-02-02 23:50:05.076,1.8490,0.1930,0.3075,0.0950,0.5700,0.0681,3
2026-02-02 23:50:05.246,1.0991,-0.2570,0.2600,0.5050,0.4882,1.5480,1194
2026-02-02 23:50:05.246,1.8490,0.1930,0.3075,0.0950,0.5700,0.0681,3
2026-02-02 23:50:05.460,1.0991,-0.2570,0.2600,0.5080,0.4962,1.5630,1195
2026-02-02 23:50:05.460,1.8490,0.1930,0.3075,0.0950,0.5700,0.0681,3
2026-02-02 23:50:05.699,1.0991,-0.2570,0.2425,0.5071,0.4913,1.5736,1196
2026-02-02 23:50:05.699,1.8490,0.1930,0.3075,0.0950,0.5700,0.0681,3
2026-02-02 23:50:05.867,1.0991,-0.2520,0.2450,0.5035,0.4894,1.5809,1197
2026-02-02 23:50:05.868,1.8490,0.1930,0.3075,0.0950,0.5700,0.0681,3
2026-02-02 23:50:06.061,1.0991,-0.2520,0.2450,0.5009,0.4881,1.5861,1198
2026-02-02 23:50:06.062,1.8490,0.1930,0.3075,0.0950,0.5700,0.0681,3
2026-02-02 23:50:06.294,1.0991,-0.2511,0.2400,0.4991,0.4842,1.5897,1199
2026-02-02 23:50:06.294,1.8490,0.1930,0.3075,0.0950,0.5700,0.0681,3
2026-02-02 23:50:06.531,1.0991,-0.2536,0.2400,0.4994,0.4814,1.5922,1200
2026-02-02 23:50:06.531,1.8490,0.1930,0.3075,0.0950,0.5700,0.0681,3
2026-02-02 23:50:06.678,1.0991,-0.2536,0.2400,0.4996,0.4795,1.5940,1201
2026-02-02 23:50:06.678,1.8490,0.1930,0.3075,0.0950,0.5700,0.0681,3
2026-02-02 23:50:06.871,1.0991,-0.2523,0.2400,0.4982,0.4781,1.5952,1202
2026-02-02 23:50:06.871,1.8490,0.1930,0.3075,0.0950,0.5700,0.0681,3
2026-02-02 23:50:07.101,1.0991,-0.2598,0.2400,0.5017,0.4772,1.5961,1203
2026-02-02 23:50:07.101,1.8490,0.1930,0.3075,0.0950,0.5700,0.0681,3
2026-02-02 23:50:07.264,1.0991,-0.2548,0.2425,0.5072,0.4780,1.5967,1204
2026-02-02 23:50:07.264,1.8490,0.1930,0.3075,0.0950,0.5700,0.0681,3
2026-02-02 23:50:07.529,1.0991,-0.2539,0.2625,0.5096,0.4906,1.5971,1205
2026-02-02 23:50:07.529,1.8490,0.1930,0.3075,0.0950,0.5700,0.0681,3
2026-02-02 23:50:07.707,1.0991,-0.2539,0.2625,0.5112,0.4994,1.5974,1206
2026-02-02 23:50:07.707,1.8490,0.1930,0.3075,0.0950,0.5700,0.0681,3
2026-02-02 23:50:07.918,1.0991,-0.2514,0.2675,0.5138,0.5026,1.5976,1207
2026-02-02 23:50:07.919,1.8490,0.1930,0.3075,0.0950,0.5700,0.0681,3
2026-02-02 23:50:08.103,1.0991,-0.2589,0.2675,0.5112,0.5048,1.5978,1208
2026-02-02 23:50:08.104,1.8490,0.1930,0.3075,0.0950,0.5700,0.0681,3
2026-02-02 23:50:08.286,1.0991,-0.2497,0.2675,0.5033,0.5064,1.5979,1209
2026-02-02 23:50:08.286,1.8490,0.1930,0.3075,0.0950,0.5700,0.0681,3
2026-02-02 23:50:08.497,1.0990,-0.2497,0.2675,0.4978,0.5075,1.5979,1210
2026-02-02 23:50:08.497,1.8490,0.1930,0.3075,0.0950,0.5700,0.0681,3
2026-02-02 23:50:08.688,1.0990,-0.2497,0.2675,0.4940,0.5082,1.5979,1211
2026-02-02 23:50:08.692,1.8490,0.1930,0.3075,0.0950,0.5700,0.0681,3
2026-02-02 23:50:08.893,1.0958,-0.2497,0.2675,0.4913,0.5088,1.5960,1212
2026-02-02 23:50:08.894,1.8490,0.1930,0.3075,0.0950,0.5700,0.0681,3
2026-02-02 23:50:09.125,1.0958,-0.2497,0.2675,0.4894,0.5091,1.5946,1213
2026-02-02 23:50:09.125,1.8490,0.1930,0.3075,0.0950,0.5700,0.0681,3
2026-02-02 23:50:09.395,1.0958,-0.2422,0.2675,0.4836,0.5094,1.5937,1214
2026-02-02 23:50:09.396,1.8490,0.1930,0.3075,0.0950,0.5700,0.0681,3
2026-02-02 23:50:09.586,1.0958,-0.2472,0.2475,0.4825,0.4976,1.5930,1215
2026-02-02 23:50:09.587,1.8490,0.1930,0.3075,0.0950,0.5700,0.0681,3
2026-02-02 23:50:09.753,1.0958,-0.2347,0.2475,0.4893,0.4893,1.5926,1216
2026-02-02 23:50:09.753,1.8490,0.1930,0.3075,0.0950,0.5700,0.0681,3
2026-02-02 23:50:09.963,1.0958,-0.2447,0.2500,0.4880,0.4850,1.5923,1217
2026-02-02 23:50:09.964,1.8490,0.1930,0.3075,0.0950,0.5700,0.0681,3
2026-02-02 23:50:10.154,1.0958,-0.2447,0.2500,0.4871,0.4820,1.5920,1218
2026-02-02 23:50:10.155,1.8490,0.1930,0.3075,0.0950,0.5700,0.0681,3
2026-02-02 23:50:10.347,1.0958,-0.2447,0.2500,0.4865,0.4799,1.5919,1219
2026-02-02 23:50:10.347,1.8490,0.1930,0.3075,0.0950,0.5700,0.0681,3
2026-02-02 23:50:10.599,1.0947,-0.2447,0.2500,0.4860,0.4784,1.5911,1220
2026-02-02 23:50:10.599,1.8490,0.1930,0.3075,0.0950,0.5700,0.0681,3
2026-02-02 23:50:10.754,1.0947,-0.2447,0.2500,0.4857,0.4774,1.5906,1221
2026-02-02 23:50:10.755,1.8490,0.1930,0.3075,0.0950,0.5700,0.0681,3
2026-02-02 23:50:10.999,1.0947,-0.2447,0.2500,0.4035,0.4772,1.2775,1223
2026-02-02 23:50:10.999,1.8490,0.1930,0.3075,0.0950,0.5700,0.0681,3
2026-02-02 23:50:11.154,1.0947,-0.2522,0.2450,0.3676,0.4801,1.1241,1225
2026-02-02 23:50:11.154,1.8490,0.1930,0.3075,0.0950,0.5700,0.0681,3
2026-02-02 23:50:11.397,1.0947,-0.2522,0.2450,0.4073,0.4816,1.2637,1226
2026-02-02 23:50:11.398,1.8490,0.1930,0.3075,0.0950,0.5700,0.0681,3
2026-02-02 23:50:11.573,1.0947,-0.2522,0.2450,0.4351,0.4826,1.3614,1227
2026-02-02 23:50:11.573,1.8490,0.1930,0.3075,0.0950,0.5700,0.0681,3
2026-02-02 23:50:11.819,1.0947,-0.2522,0.2425,0.4546,0.4818,1.4298,1228
2026-02-02 23:50:11.819,1.8490,0.1930,0.3075,0.0950,0.5700,0.0681,3
2026-02-02 23:50:12.004,1.0947,-0.2522,0.2425,0.4682,0.4813,1.4776,1229
2026-02-02 23:50:12.005,1.8490,0.1930,0.3075,0.0950,0.5700,0.0681,3
2026-02-02 23:50:12.183,1.0950,-0.2397,0.2425,0.4733,0.4809,1.5113,1230
2026-02-02 23:50:12.184,1.8490,0.1930,0.3075,0.0950,0.5700,0.0681,3
2026-02-02 23:50:12.405,1.0950,-0.2497,0.2450,0.4828,0.4791,1.5349,1231
2026-02-02 23:50:12.405,1.8452,0.2003,0.3275,0.0920,0.5580,0.0658,4
2026-02-02 23:50:12.582,1.0950,-0.2422,0.2450,0.4849,0.4779,1.5514,1232
2026-02-02 23:50:12.583,1.8452,0.2003,0.3275,0.0920,0.5580,0.0658,4
2026-02-02 23:50:12.784,1.0950,-0.2422,0.2450,0.4865,0.4770,1.5630,1233
2026-02-02 23:50:12.785,1.8452,0.1978,0.3275,0.0914,0.5496,0.0642,5
2026-02-02 23:50:13.032,1.0950,-0.2497,0.2450,0.4950,0.4764,1.5711,1234
2026-02-02 23:50:13.033,1.8452,0.1953,0.3475,0.0925,0.5317,0.0631,6
2026-02-02 23:50:13.214,1.0950,-0.2397,0.3000,0.4950,0.5090,1.5767,1235
2026-02-02 23:50:13.214,1.8452,0.1953,0.3475,0.0925,0.5317,0.0631,6
2026-02-02 23:50:13.400,1.0950,-0.2397,0.3000,0.4950,0.5318,1.5807,1236
2026-02-02 23:50:13.401,1.8452,0.1953,0.3475,0.0925,0.5317,0.0631,6
2026-02-02 23:50:13.643,1.0950,-0.2397,0.3000,0.4950,0.5478,1.5835,1237
2026-02-02 23:50:13.644,1.8452,0.1953,0.3475,0.0932,0.5192,0.0623,7
2026-02-02 23:50:13.883,1.0950,-0.2406,0.3025,0.4950,0.5574,1.5854,1238
2026-02-02 23:50:13.883,1.8452,0.1969,0.3150,0.0953,0.5299,0.0617,8
2026-02-02 23:50:14.021,1.0950,-0.2406,0.3025,0.4950,0.5642,1.5868,1239
2026-02-02 23:50:14.021,1.8452,0.1969,0.3125,0.0967,0.5390,0.0613,9
2026-02-02 23:50:14.236,1.0950,-0.2356,0.3025,0.4980,0.5689,1.5877,1240
2026-02-02 23:50:14.237,1.8446,0.1969,0.3125,0.0977,0.5453,0.0607,10
2026-02-02 23:50:14.447,1.0950,-0.2381,0.3025,0.4986,0.5723,1.5884,1241
2026-02-02 23:50:14.447,1.8446,0.1969,0.3125,0.0984,0.5497,0.0603,11
2026-02-02 23:50:14.673,1.0950,-0.2381,0.2625,0.5020,0.5506,1.5888,1242
2026-02-02 23:50:14.673,1.8446,0.1969,0.3150,0.0989,0.5513,0.0600,12
2026-02-02 23:50:14.859,1.0950,-0.2381,0.2625,0.5044,0.5354,1.5892,1243
2026-02-02 23:50:14.860,1.8446,0.1969,0.3150,0.0992,0.5524,0.0598,13
2026-02-02 23:50:15.060,1.1000,-0.2300,0.2875,0.5121,0.5428,1.5924,1244
2026-02-02 23:50:15.060,1.8457,0.2000,0.3725,0.0994,0.5187,0.0590,14
2026-02-02 23:50:15.285,1.1000,-0.2300,0.2625,0.5175,0.5329,1.5946,1245
2026-02-02 23:50:15.285,1.8457,0.2000,0.3725,0.0996,0.4951,0.0584,15
2026-02-02 23:50:15.446,1.1000,-0.2300,0.2600,0.5212,0.5246,1.5962,1246
2026-02-02 23:50:15.447,1.8457,0.2000,0.3725,0.0997,0.4786,0.0580,16
2026-02-02 23:50:15.673,1.1000,-0.2300,0.2600,0.5239,0.5187,1.5973,1247
2026-02-02 23:50:15.673,1.8457,0.2000,0.3725,0.0998,0.4670,0.0577,17
2026-02-02 23:50:15.890,1.1000,-0.2383,0.2600,0.5197,0.5146,1.5980,1248
2026-02-02 23:50:15.890,1.8457,0.2000,0.3725,0.0998,0.4670,0.0577,17
2026-02-02 23:50:16.088,1.1000,-0.2383,0.2500,0.5168,0.5057,1.5986,1249
2026-02-02 23:50:16.089,1.8457,0.2000,0.3725,0.0998,0.4670,0.0577,17
2026-02-02 23:50:16.302,1.1000,-0.2383,0.2475,0.5148,0.4980,1.5990,1250
2026-02-02 23:50:16.302,1.8457,0.2000,0.3725,0.0998,0.4670,0.0577,17
2026-02-02 23:50:16.511,1.1000,-0.2483,0.2475,0.5193,0.4926,1.5992,1251
2026-02-02 23:50:16.512,1.8457,0.2000,0.3725,0.0998,0.4670,0.0577,17
2026-02-02 23:50:16.740,1.1000,-0.2458,0.2450,0.5210,0.4873,1.5994,1252
2026-02-02 23:50:16.740,1.8457,0.2000,0.3725,0.0998,0.4670,0.0577,17
2026-02-02 23:50:16.930,1.0950,-0.2733,0.2500,0.5177,0.4866,1.5966,1253
2026-02-02 23:50:16.930,1.8457,0.2000,0.3725,0.0998,0.4670,0.0577,17
2026-02-02 23:50:17.135,1.1000,-0.2583,0.2500,0.4356,0.4648,1.2830,1255
2026-02-02 23:50:17.136,1.8457,0.2000,0.3725,0.0998,0.4670,0.0577,17
2026-02-02 23:50:17.358,1.1000,-0.2583,0.2500,0.3954,0.4541,1.1293,1257
2026-02-02 23:50:17.359,1.8457,0.2000,0.3725,0.0998,0.4670,0.0577,17
2026-02-02 23:50:17.553,1.0950,-0.2683,0.2500,0.3697,0.4489,1.0451,1259
2026-02-02 23:50:17.553,1.8457,0.2000,0.3725,0.0998,0.4670,0.0577,17
2026-02-02 23:50:17.783,1.1000,-0.2483,0.2500,0.4268,0.4597,1.2116,1260
2026-02-02 23:50:17.783,1.8457,0.2000,0.3725,0.0998,0.4670,0.0577,17
2026-02-02 23:50:17.959,1.1000,-0.2408,0.2500,0.3926,0.4558,1.0921,1262
2026-02-02 23:50:17.960,1.8457,0.2000,0.3725,0.0998,0.4670,0.0577,17
2026-02-02 23:50:18.187,1.1000,-0.2408,0.2475,0.3737,0.4494,1.0335,1264
2026-02-02 23:50:18.188,1.8457,0.2000,0.3725,0.0998,0.4670,0.0577,17
2026-02-02 23:50:18.389,1.1000,-0.2433,0.2775,0.4266,0.4736,1.2034,1265
2026-02-02 23:50:18.390,1.8457,0.2000,0.3725,0.0998,0.4670,0.0577,17
2026-02-02 23:50:18.596,1.1000,-0.2433,0.2775,0.4636,0.4905,1.3224,1266
2026-02-02 23:50:18.596,1.8457,0.2000,0.3725,0.0998,0.4670,0.0577,17
2026-02-02 23:50:18.797,1.1000,-0.2433,0.2775,0.4895,0.5024,1.4056,1267
2026-02-02 23:50:18.797,1.8457,0.2000,0.3725,0.0998,0.4670,0.0577,17
2026-02-02 23:50:19.002,1.1000,-0.2433,0.2775,0.5077,0.5106,1.4639,1268
2026-02-02 23:50:19.002,1.8457,0.2000,0.3725,0.0998,0.4670,0.0577,17
2026-02-02 23:50:19.165,1.1000,-0.2433,0.2600,0.5204,0.5060,1.5047,1269
2026-02-02 23:50:19.165,1.8457,0.2000,0.3725,0.0998,0.4670,0.0577,17
2026-02-02 23:50:19.440,1.1000,-0.2350,0.2575,0.5338,0.5042,1.5332,1270
2026-02-02 23:50:19.441,1.8457,0.2000,0.3725,0.0998,0.4670,0.0577,17
2026-02-02 23:50:19.622,1.1000,-0.2350,0.2575,0.5431,0.5029,1.5532,1271
2026-02-02 23:50:19.623,1.8457,0.2000,0.3725,0.0998,0.4670,0.0577,17
2026-02-02 23:50:19.795,1.1000,-0.2300,0.2550,0.5467,0.5005,1.5672,1272
2026-02-02 23:50:19.796,1.8457,0.2000,0.3725,0.0998,0.4670,0.0577,17
2026-02-02 23:50:20.011,1.1000,-0.2300,0.2550,0.5492,0.4989,1.5770,1273
2026-02-02 23:50:20.011,1.8457,0.2000,0.3725,0.0998,0.4670,0.0577,17
2026-02-02 23:50:20.253,1.1000,-0.2300,0.2550,0.5509,0.4977,1.5839,1274
2026-02-02 23:50:20.253,1.8457,0.2000,0.3725,0.0998,0.4670,0.0577,17
2026-02-02 23:50:20.436,1.0947,-0.2600,0.2550,0.5342,0.4969,1.5855,1275
2026-02-02 23:50:20.436,1.8457,0.2000,0.3725,0.0998,0.4670,0.0577,17
2026-02-02 23:50:20.649,1.0947,-0.2600,0.2550,0.5224,0.4963,1.5867,1276
2026-02-02 23:50:20.650,1.8457,0.2000,0.3725,0.0998,0.4670,0.0577,17
2026-02-02 23:50:20.859,1.0947,-0.2600,0.2525,0.5142,0.4944,1.5875,1277
2026-02-02 23:50:20.859,1.8457,0.2000,0.3725,0.0998,0.4670,0.0577,17
2026-02-02 23:50:21.053,1.0955,-0.2600,0.2575,0.5084,0.4961,1.5885,1278
2026-02-02 23:50:21.054,1.8457,0.2000,0.3725,0.0998,0.4670,0.0577,17
2026-02-02 23:50:21.270,1.0955,-0.2600,0.2600,0.5044,0.4988,1.5892,1279
2026-02-02 23:50:21.270,1.8457,0.2000,0.3725,0.0998,0.4670,0.0577,17
2026-02-02 23:50:21.464,1.0955,-0.2600,0.2600,0.5016,0.5006,1.5897,1280
2026-02-02 23:50:21.464,1.8457,0.2000,0.3725,0.0998,0.4670,0.0577,17
2026-02-02 23:50:21.673,1.0955,-0.2600,0.2600,0.4996,0.5019,1.5901,1281
2026-02-02 23:50:21.673,1.8457,0.2000,0.3725,0.0998,0.4670,0.0577,17
2026-02-02 23:50:21.876,1.0955,-0.2600,0.2600,0.4982,0.5029,1.5903,1282
2026-02-02 23:50:21.876,1.8457,0.2000,0.3725,0.0998,0.4670,0.0577,17
2026-02-02 23:50:22.073,1.0955,-0.2600,0.2525,0.4973,0.4990,1.5905,1283
2026-02-02 23:50:22.073,1.8457,0.2000,0.3725,0.0998,0.4670,0.0577,17
2026-02-02 23:50:22.270,1.0955,-0.2600,0.2525,0.4966,0.4963,1.5906,1284
2026-02-02 23:50:22.270,1.8457,0.2000,0.3725,0.0998,0.4670,0.0577,17
2026-02-02 23:50:22.496,1.1000,-0.2400,0.2525,0.5081,0.4944,1.5934,1285
2026-02-02 23:50:22.497,1.8457,0.2000,0.3725,0.0998,0.4670,0.0577,17
2026-02-02 23:50:22.693,1.1000,-0.2375,0.2525,0.5177,0.4931,1.5953,1286
2026-02-02 23:50:22.694,1.8457,0.2000,0.3725,0.0998,0.4670,0.0577,17
2026-02-02 23:50:22.898,1.1000,-0.2425,0.2525,0.5244,0.4922,1.5967,1287
2026-02-02 23:50:22.898,1.8457,0.2000,0.3725,0.0998,0.4670,0.0577,17
2026-02-02 23:50:23.101,1.0955,-0.2425,0.2525,0.5291,0.4915,1.5950,1288
2026-02-02 23:50:23.102,1.8457,0.2000,0.3725,0.0998,0.4670,0.0577,17
2026-02-02 23:50:23.293,1.0955,-0.2425,0.2525,0.5323,0.4911,1.5937,1289
2026-02-02 23:50:23.294,1.8457,0.2000,0.3725,0.0998,0.4670,0.0577,17
2026-02-02 23:50:23.504,1.0955,-0.2500,0.2975,0.5301,0.5177,1.5929,1290
2026-02-02 23:50:23.505,1.8457,0.2000,0.3725,0.0998,0.4670,0.0577,17
2026-02-02 23:50:23.705,1.0955,-0.2475,0.2975,0.5271,0.5364,1.5923,1291
2026-02-02 23:50:23.705,1.8457,0.2000,0.3725,0.0998,0.4670,0.0577,17
2026-02-02 23:50:23.914,1.0955,-0.2550,0.2975,0.5205,0.5495,1.5919,1292
2026-02-02 23:50:23.914,1.8457,0.2000,0.3725,0.0998,0.4670,0.0577,17
2026-02-02 23:50:24.111,1.0955,-0.2550,0.2975,0.5158,0.5586,1.5916,1293
2026-02-02 23:50:24.112,1.8457,0.2000,0.3725,0.0998,0.4670,0.0577,17
2026-02-02 23:50:24.309,1.0955,-0.2500,0.2950,0.5156,0.5666,1.5914,1294
2026-02-02 23:50:24.310,1.8457,0.2000,0.3725,0.0998,0.4670,0.0577,17
2026-02-02 23:50:24.510,1.0955,-0.2500,0.2950,0.5154,0.5721,1.5912,1295
2026-02-02 23:50:24.510,1.8457,0.2000,0.3725,0.0998,0.4670,0.0577,17
2026-02-02 23:50:24.730,1.0991,-0.2480,0.2950,0.5168,0.5760,1.5933,1296
2026-02-02 23:50:24.730,1.8457,0.2000,0.3725,0.0998,0.4670,0.0577,17
2026-02-02 23:50:24.936,1.0991,-0.2580,0.2950,0.5207,0.5787,1.5948,1297
2026-02-02 23:50:24.937,1.8457,0.2000,0.3725,0.0998,0.4670,0.0577,17
2026-02-02 23:50:25.145,1.0991,-0.2580,0.2950,0.5235,0.5806,1.5958,1298
2026-02-02 23:50:25.145,1.8457,0.2000,0.3725,0.0998,0.4670,0.0577,17
2026-02-02 23:50:25.373,1.0991,-0.2580,0.2950,0.5255,0.5819,1.5965,1299
2026-02-02 23:50:25.373,1.8457,0.2000,0.3725,0.0998,0.4670,0.0577,17
2026-02-02 23:50:25.578,1.0955,-0.2605,0.2525,0.5253,0.5573,1.5948,1300
2026-02-02 23:50:25.578,1.8457,0.2000,0.3725,0.0998,0.4670,0.0577,17
2026-02-02 23:50:25.776,1.0991,-0.2530,0.2525,0.5297,0.5401,1.5959,1301
2026-02-02 23:50:25.776,1.8457,0.2000,0.3725,0.0998,0.4670,0.0577,17
2026-02-02 23:50:25.976,1.0991,-0.2530,0.2525,0.5328,0.5281,1.5966,1302
2026-02-02 23:50:25.976,1.8457,0.2000,0.3725,0.0998,0.4670,0.0577,17
2026-02-02 23:50:26.174,1.0991,-0.2605,0.2675,0.5395,0.5287,1.5971,1303
2026-02-02 23:50:26.174,1.8457,0.2000,0.3725,0.0998,0.4670,0.0577,17
2026-02-02 23:50:26.401,1.0991,-0.2605,0.2675,0.5411,0.5291,1.5974,1304
2026-02-02 23:50:26.402,1.8457,0.2000,0.3725,0.0998,0.4670,0.0577,17
2026-02-02 23:50:26.591,1.0991,-0.2605,0.2675,0.5423,0.5293,1.5976,1305
2026-02-02 23:50:26.592,1.8457,0.2000,0.3725,0.0998,0.4670,0.0577,17
2026-02-02 23:50:26.803,1.0991,-0.2617,0.2975,0.5431,0.5475,1.5978,1306
2026-02-02 23:50:26.803,1.8457,0.2000,0.3725,0.0998,0.4670,0.0577,17
2026-02-02 23:50:27.011,1.0991,-0.2607,0.2975,0.5437,0.5603,1.5979,1307
2026-02-02 23:50:27.012,1.8457,0.2000,0.3725,0.0998,0.4670,0.0577,17
2026-02-02 23:50:27.202,1.0991,-0.2607,0.2975,0.5441,0.5692,1.5980,1308
2026-02-02 23:50:27.202,1.8457,0.2000,0.3725,0.0998,0.4670,0.0577,17
2026-02-02 23:50:27.404,1.0991,-0.2632,0.2975,0.5458,0.5754,1.5981,1309
2026-02-02 23:50:27.404,1.8457,0.2000,0.3725,0.0998,0.4670,0.0577,17
2026-02-02 23:50:27.612,1.0991,-0.2607,0.2975,0.5456,0.5798,1.5981,1310
2026-02-02 23:50:27.613,1.8457,0.2000,0.3725,0.0998,0.4670,0.0577,17
2026-02-02 23:50:27.825,1.0991,-0.2607,0.2975,0.5454,0.5829,1.5981,1311
2026-02-02 23:50:27.825,1.8457,0.2000,0.3725,0.0998,0.4670,0.0577,17
2026-02-02 23:50:27.993,1.0991,-0.2607,0.2975,0.5453,0.5850,1.5982,1312
2026-02-02 23:50:27.993,1.8457,0.2000,0.3725,0.0998,0.4670,0.0577,17
2026-02-02 23:50:28.229,1.0966,-0.2682,0.2975,0.5407,0.5865,1.5967,1313
2026-02-02 23:50:28.421,1.0966,-0.2707,0.2975,0.5360,0.5876,1.5956,1314
2026-02-02 23:50:28.593,1.0966,-0.2682,0.3000,0.5342,0.5868,1.5949,1315
2026-02-02 23:50:28.841,1.0966,-0.2699,0.2475,0.5314,0.5578,1.5944,1316
2026-02-02 23:50:29.039,1.0966,-0.2699,0.2475,0.5295,0.5374,1.5940,1317
2026-02-02 23:50:29.246,1.0991,-0.2649,0.2425,0.5312,0.5202,1.5953,1318
2026-02-02 23:50:29.453,1.0991,-0.2624,0.2425,0.5338,0.5081,1.5962,1319
2026-02-02 23:50:29.653,1.0991,-0.2649,0.2500,0.5372,0.5042,1.5968,1320
2026-02-02 23:50:29.869,1.0991,-0.2624,0.2500,0.5410,0.5014,1.5972,1321
2026-02-02 23:50:30.074,1.0991,-0.2624,0.2500,0.5437,0.4995,1.5975,1322
2026-02-02 23:50:30.272,1.0976,-0.2549,0.2550,0.5411,0.5012,1.5968,1323
2026-02-02 23:50:30.481,1.0988,-0.2349,0.2625,0.5513,0.5068,1.5970,1324
2026-02-02 23:50:30.682,1.0954,-0.2603,0.2500,0.5389,0.4973,1.5951,1325
2026-02-02 23:50:30.875,1.0992,-0.2603,0.2500,0.5302,0.4906,1.5961,1326
2026-02-02 23:50:31.065,1.0992,-0.2278,0.2500,0.5467,0.4859,1.5968,1327
2026-02-02 23:50:31.253,1.0992,-0.2253,0.2600,0.5597,0.4886,1.5973,1328
2026-02-02 23:50:31.493,1.0992,-0.2253,0.2600,0.5688,0.4905,1.5976,1329
2026-02-02 23:50:31.680,1.0992,-0.2653,0.2450,0.5511,0.4829,1.5978,1330
2026-02-02 23:50:31.879,1.0992,-0.2653,0.2450,0.5388,0.4775,1.5980,1331
2026-02-02 23:50:32.069,1.0992,-0.2653,0.2450,0.5302,0.4738,1.5981,1332
2026-02-02 23:50:32.266,1.0992,-0.2628,0.2450,0.5256,0.4711,1.5982,1333
2026-02-02 23:50:32.458,1.0992,-0.2628,0.2450,0.5224,0.4693,1.5982,1334
2026-02-02 23:50:32.703,1.0992,-0.2628,0.2450,0.5202,0.4680,1.5983,1335
2026-02-02 23:50:32.915,1.0992,-0.2628,0.2450,0.5186,0.4671,1.5983,1336
2026-02-02 23:50:33.122,1.0992,-0.2628,0.2475,0.5175,0.4680,1.5983,1337
2026-02-02 23:50:33.353,1.0992,-0.2578,0.2475,0.5138,0.4686,1.5983,1338
2026-02-02 23:50:33.553,1.0992,-0.2553,0.2475,0.5126,0.4690,1.5983,1339
2026-02-02 23:50:33.732,1.0992,-0.2553,0.2475,0.5119,0.4693,1.5983,1340
2026-02-02 23:50:33.971,1.0992,-0.2528,0.2450,0.5098,0.4710,1.5983,1341
2026-02-02 23:50:34.204,1.0992,-0.2353,0.2450,0.5189,0.4722,1.5983,1342
2026-02-02 23:50:34.340,1.0992,-0.2337,0.2975,0.5252,0.5045,1.5983,1343
2026-02-02 23:50:34.597,1.0992,-0.2387,0.2975,0.5266,0.5272,1.5983,1344
2026-02-02 23:50:34.756,1.0992,-0.2437,0.2975,0.5246,0.5430,1.5983,1345
2026-02-02 23:50:34.985,1.0992,-0.2387,0.2975,0.5263,0.5541,1.5983,1346
2026-02-02 23:50:35.171,1.0992,-0.2437,0.2975,0.5304,0.5619,1.5983,1347
2026-02-02 23:50:35.336,1.0992,-0.2362,0.2975,0.5378,0.5673,1.5984,1348
2026-02-02 23:50:35.584,1.0992,-0.2437,0.2975,0.5384,0.5711,1.5984,1349
2026-02-02 23:50:35.742,1.0992,-0.2406,0.2925,0.5419,0.5708,1.5984,1350
2026-02-02 23:50:35.978,1.0992,-0.2331,0.2925,0.4479,0.5578,1.2852,1352
2026-02-02 23:50:36.148,1.0978,-0.2331,0.2925,0.4771,0.5614,1.3783,1353
2026-02-02 23:50:36.390,1.0978,-0.2331,0.2900,0.4974,0.5625,1.4435,1354
2026-02-02 23:50:36.567,1.0978,-0.2331,0.2925,0.5117,0.5648,1.4891,1355
2026-02-02 23:50:36.799,1.0978,-0.2331,0.2900,0.5217,0.5648,1.5210,1356
2026-02-02 23:50:37.009,1.0978,-0.2331,0.2450,0.5287,0.5379,1.5434,1357
2026-02-02 23:50:37.238,1.0978,-0.2331,0.2425,0.5336,0.5175,1.5590,1358
2026-02-02 23:50:37.400,1.0990,-0.2446,0.2475,0.5370,0.5063,1.5707,1359
2026-02-02 23:50:37.634,1.0990,-0.2446,0.2500,0.5394,0.5029,1.5788,1360
2026-02-02 23:50:37.867,1.0990,-0.2455,0.2450,0.5411,0.4975,1.5846,1361
2026-02-02 23:50:38.029,1.0990,-0.2405,0.2425,0.5393,0.4923,1.5886,1362
2026-02-02 23:50:38.255,1.0990,-0.2405,0.2425,0.5380,0.4886,1.5914,1363
2026-02-02 23:50:38.428,1.0990,-0.2305,0.2400,0.5311,0.4845,1.5933,1364
2026-02-02 23:50:38.711,1.0990,-0.2305,0.2400,0.5263,0.4817,1.5947,1365
2026-02-02 23:50:38.870,1.0990,-0.2405,0.2400,0.5289,0.4797,1.5957,1366
2026-02-02 23:50:39.078,1.0990,-0.2305,0.2400,0.5247,0.4783,1.5963,1367
2026-02-02 23:50:39.288,1.0990,-0.2305,0.2400,0.5218,0.4773,1.5968,1368
2026-02-02 23:50:39.487,1.0990,-0.2405,0.2400,0.5258,0.4766,1.5971,1369
2026-02-02 23:50:39.698,1.0990,-0.2430,0.2400,0.5150,0.4761,1.5974,1370
2026-02-02 23:50:39.889,1.0990,-0.2430,0.2450,0.5075,0.4788,1.5975,1371
2026-02-02 23:50:40.091,1.0990,-0.2405,0.2450,0.5008,0.4806,1.5976,1372
2026-02-02 23:50:40.300,1.0990,-0.2405,0.2450,0.4960,0.4820,1.5977,1373
2026-02-02 23:50:40.502,1.0990,-0.2405,0.2300,0.4927,0.4739,1.5978,1374
2026-02-02 23:50:40.707,1.0990,-0.2405,0.2300,0.4904,0.4682,1.5978,1375
2026-02-02 23:50:40.925,1.0990,-0.2530,0.2375,0.4813,0.4687,1.5979,1376
2026-02-02 23:50:41.128,1.0990,-0.2530,0.2375,0.4749,0.4691,1.5979,1377
2026-02-02 23:50:41.346,1.0990,-0.2480,0.2375,0.4734,0.4694,1.5979,1378
2026-02-02 23:50:41.547,1.0990,-0.2680,0.2375,0.4844,0.4696,1.5979,1379
2026-02-02 23:50:41.753,1.0990,-0.2655,0.2375,0.4906,0.4697,1.5979,1380
2026-02-02 23:50:41.960,1.0990,-0.2655,0.2375,0.4949,0.4698,1.5979,1381
2026-02-02 23:50:42.170,1.0990,-0.2655,0.2500,0.4979,0.4774,1.5980,1382
2026-02-02 23:50:42.425,1.0990,-0.2630,0.2500,0.4986,0.4826,1.5980,1383
2026-02-02 23:50:42.551,1.0990,-0.2630,0.2525,0.4990,0.4879,1.5980,1384
2026-02-02 23:50:42.789,1.0990,-0.2605,0.2525,0.4978,0.4915,1.5980,1385
2026-02-02 23:50:42.983,1.0986,-0.2605,0.2425,0.4970,0.4880,1.5978,1386
2026-02-02 23:50:43.190,1.0986,-0.2599,0.2425,0.4964,0.4856,1.5976,1387
2026-02-02 23:50:43.390,1.0986,-0.2674,0.2425,0.5005,0.4839,1.5975,1388
2026-02-02 23:50:43.594,1.0990,-0.2696,0.2500,0.4171,0.4812,1.2844,1390
2026-02-02 23:50:43.794,1.0990,-0.2646,0.2525,0.3733,0.4813,1.1310,1392
2026-02-02 23:50:44.001,1.0990,-0.2646,0.2525,0.3518,0.4814,1.0558,1394
2026-02-02 23:50:44.240,1.0990,-0.2646,0.2525,0.3413,0.4814,1.0190,1396
2026-02-02 23:50:44.427,1.0990,-0.2621,0.2525,0.3378,0.4815,1.0009,1398
2026-02-02 23:50:44.579,1.0990,-0.2621,0.2525,0.3849,0.4870,1.1800,1399
2026-02-02 23:50:44.811,1.1000,-0.2421,0.2550,0.4300,0.4924,1.3060,1400
2026-02-02 23:50:44.976,1.0986,-0.2571,0.2425,0.4525,0.4887,1.3934,1401
2026-02-02 23:50:44.976,1.0956,0.1604,0.3025,0.1146,0.4745,0.5176,3
2026-02-02 23:50:45.203,1.0986,-0.2571,0.2400,0.4682,0.4846,1.4545,1402
2026-02-02 23:50:45.203,1.0956,0.1604,0.3025,0.1192,0.5031,0.8343,4
2026-02-02 23:50:45.384,1.0986,-0.2571,0.2375,0.4793,0.4802,1.4973,1403
2026-02-02 23:50:45.385,1.0956,0.1604,0.3025,0.1225,0.5232,1.0560,5
2026-02-02 23:50:45.616,1.8458,0.1604,0.3775,0.3799,0.4611,1.0910,1405
2026-02-02 23:50:45.616,1.0956,0.1604,0.3025,0.1225,0.5232,1.0560,5
2026-02-02 23:50:45.826,1.8455,0.1629,0.3775,0.3286,0.4506,0.8920,1407
2026-02-02 23:50:45.827,1.0956,0.1604,0.3025,0.1225,0.5232,1.0560,5
2026-02-02 23:50:46.030,1.8455,0.1579,0.3775,0.3005,0.4466,0.7946,1409
2026-02-02 23:50:46.030,1.0956,0.1604,0.3025,0.1225,0.5232,1.0560,5
2026-02-02 23:50:46.231,1.8455,0.1554,0.3750,0.2440,0.3969,0.5712,1413
2026-02-02 23:50:46.231,1.0956,0.1604,0.3025,0.1225,0.5232,1.0560,5
2026-02-02 23:50:46.449,1.0986,-0.2596,0.2400,0.3208,0.4203,0.8790,1414
2026-02-02 23:50:46.449,1.0956,0.1604,0.3025,0.1225,0.5232,1.0560,5
2026-02-02 23:50:46.650,1.0986,-0.2596,0.2400,0.3746,0.4367,1.0944,1415
2026-02-02 23:50:46.650,1.0956,0.1604,0.3025,0.1225,0.5232,1.0560,5
2026-02-02 23:50:46.850,1.0986,-0.2546,0.2425,0.4152,0.4497,1.2453,1416
2026-02-02 23:50:46.851,1.0956,0.1604,0.3025,0.1225,0.5232,1.0560,5
2026-02-02 23:50:47.046,1.0986,-0.2546,0.2425,0.4436,0.4588,1.3508,1417
2026-02-02 23:50:47.046,1.0956,0.1604,0.3025,0.1225,0.5232,1.0560,5
2026-02-02 23:50:47.254,1.0986,-0.2496,0.2425,0.4605,0.4652,1.4247,1418
2026-02-02 23:50:47.255,1.0956,0.1604,0.3025,0.1225,0.5232,1.0560,5
2026-02-02 23:50:47.455,1.0953,-0.2546,0.2425,0.4754,0.4696,1.4745,1419
2026-02-02 23:50:47.456,1.0956,0.1604,0.3025,0.1225,0.5232,1.0560,5
2026-02-02 23:50:47.632,1.0953,-0.2546,0.2425,0.4858,0.4727,1.5093,1420
2026-02-02 23:50:47.632,1.0956,0.1604,0.3025,0.1225,0.5232,1.0560,5
2026-02-02 23:50:47.876,1.0953,-0.2496,0.2400,0.4900,0.4734,1.5337,1421
2026-02-02 23:50:47.876,1.0956,0.1604,0.3025,0.1225,0.5232,1.0560,5
2026-02-02 23:50:48.035,1.0953,-0.2421,0.2400,0.4975,0.4739,1.5508,1422
2026-02-02 23:50:48.035,1.0956,0.1604,0.3025,0.1225,0.5232,1.0560,5
2026-02-02 23:50:48.236,1.0953,-0.2496,0.2450,0.5073,0.4712,1.5628,1423
2026-02-02 23:50:48.236,1.0956,0.1604,0.3025,0.1225,0.5232,1.0560,5
2026-02-02 23:50:48.473,1.0953,-0.2471,0.2450,0.5036,0.4694,1.5711,1424
2026-02-02 23:50:48.473,1.0956,0.1604,0.3025,0.1225,0.5232,1.0560,5
2026-02-02 23:50:48.674,1.0953,-0.2471,0.2450,0.5010,0.4680,1.5770,1425
2026-02-02 23:50:48.674,1.0956,0.1604,0.3025,0.1225,0.5232,1.0560,5
2026-02-02 23:50:48.893,1.0953,-0.2471,0.2450,0.4992,0.4671,1.5811,1426
2026-02-02 23:50:48.893,1.8393,0.2154,0.2300,0.1157,0.4967,0.7569,6
2026-02-02 23:50:49.086,1.0953,-0.2382,0.2475,0.5024,0.4710,1.5840,1427
2026-02-02 23:50:49.087,1.8393,0.2193,0.2325,0.1095,0.4797,0.5476,7
2026-02-02 23:50:49.297,1.0953,-0.2407,0.2475,0.5062,0.4737,1.5860,1428
2026-02-02 23:50:49.297,1.8393,0.2193,0.2325,0.1095,0.4797,0.5476,7
2026-02-02 23:50:49.466,1.0953,-0.2407,0.2475,0.5088,0.4756,1.5874,1429
2026-02-02 23:50:49.466,1.8393,0.2193,0.2325,0.1095,0.4797,0.5476,7
2026-02-02 23:50:49.728,1.0985,-0.2490,0.2600,0.5077,0.4844,1.5903,1430
2026-02-02 23:50:49.728,1.8393,0.2193,0.2325,0.1095,0.4797,0.5476,7
2026-02-02 23:50:49.964,1.0985,-0.2590,0.2600,0.4315,0.4382,1.2840,1432
2026-02-02 23:50:49.965,1.8393,0.2193,0.2325,0.1095,0.4797,0.5476,7
2026-02-02 23:50:50.127,1.0953,-0.2615,0.2500,0.4550,0.4492,1.3760,1433
2026-02-02 23:50:50.128,1.8393,0.2193,0.2325,0.1095,0.4797,0.5476,7
2026-02-02 23:50:50.341,1.0985,-0.2490,0.3000,0.4715,0.4870,1.4423,1434
2026-02-02 23:50:50.342,1.8393,0.2193,0.2325,0.1095,0.4797,0.5476,7
2026-02-02 23:50:50.547,1.0985,-0.2592,0.2600,0.4891,0.4894,1.4887,1435
2026-02-02 23:50:50.547,1.8393,0.2193,0.2325,0.1095,0.4797,0.5476,7
2026-02-02 23:50:50.707,1.0985,-0.2692,0.2600,0.4953,0.4911,1.5212,1436
2026-02-02 23:50:50.707,1.8393,0.2193,0.2325,0.1095,0.4797,0.5476,7
2026-02-02 23:50:50.982,1.0953,-0.2717,0.2500,0.5012,0.4862,1.5420,1437
2026-02-02 23:50:50.982,1.8393,0.2193,0.2325,0.1095,0.4797,0.5476,7
2026-02-02 23:50:51.166,1.0953,-0.2717,0.2500,0.5054,0.4829,1.5566,1438
2026-02-02 23:50:51.167,1.8393,0.2193,0.2325,0.1095,0.4797,0.5476,7
2026-02-02 23:50:51.400,1.0985,-0.2492,0.3000,0.5218,0.5105,1.5687,1439
2026-02-02 23:50:51.400,1.8393,0.2193,0.2325,0.1095,0.4797,0.5476,7
2026-02-02 23:50:51.537,1.0986,-0.2567,0.2525,0.5287,0.5014,1.5773,1440
2026-02-02 23:50:51.537,1.8393,0.2193,0.2325,0.1095,0.4797,0.5476,7
2026-02-02 23:50:51.762,1.0986,-0.2574,0.2500,0.5336,0.4935,1.5832,1441
2026-02-02 23:50:51.762,1.8393,0.2193,0.2325,0.1095,0.4797,0.5476,7
2026-02-02 23:50:51.962,1.0986,-0.2499,0.2500,0.5325,0.4879,1.5874,1442
2026-02-02 23:50:51.962,1.8393,0.2193,0.2325,0.1095,0.4797,0.5476,7
2026-02-02 23:50:52.178,1.0985,-0.2524,0.2525,0.5273,0.4855,1.5903,1443
2026-02-02 23:50:52.179,1.8393,0.2193,0.2325,0.1095,0.4797,0.5476,7
2026-02-02 23:50:52.385,1.0989,-0.2524,0.2575,0.5236,0.4869,1.5925,1444
2026-02-02 23:50:52.386,1.8393,0.2193,0.2325,0.1095,0.4797,0.5476,7
2026-02-02 23:50:52.597,1.0989,-0.2524,0.2575,0.5210,0.4878,1.5941,1445
2026-02-02 23:50:52.597,1.8393,0.2193,0.2325,0.1095,0.4797,0.5476,7
2026-02-02 23:50:52.781,1.0989,-0.2499,0.2575,0.5177,0.4885,1.5952,1446
2026-02-02 23:50:52.781,1.8393,0.2193,0.2325,0.1095,0.4797,0.5476,7
2026-02-02 23:50:52.991,1.0989,-0.2499,0.2575,0.5154,0.4889,1.5960,1447
2026-02-02 23:50:52.991,1.8393,0.2193,0.2325,0.1095,0.4797,0.5476,7
2026-02-02 23:50:53.156,1.0990,-0.2499,0.2575,0.5138,0.4893,1.5966,1448
2026-02-02 23:50:53.157,1.8393,0.2193,0.2325,0.1095,0.4797,0.5476,7
2026-02-02 23:50:53.405,1.0990,-0.2499,0.2575,0.5126,0.4895,1.5971,1449
2026-02-02 23:50:53.406,1.8393,0.2193,0.2325,0.1095,0.4797,0.5476,7
2026-02-02 23:50:53.645,1.0990,-0.2499,0.2550,0.5119,0.4911,1.5973,1450
2026-02-02 23:50:53.645,1.8393,0.2193,0.2325,0.1095,0.4797,0.5476,7
2026-02-02 23:50:53.810,1.0990,-0.2508,0.2475,0.5143,0.4878,1.5976,1451
2026-02-02 23:50:53.811,1.8393,0.2193,0.2325,0.1095,0.4797,0.5476,7
2026-02-02 23:50:54.041,1.0990,-0.2533,0.2475,0.5175,0.4855,1.5977,1452
2026-02-02 23:50:54.041,1.8393,0.2193,0.2325,0.1095,0.4797,0.5476,7
2026-02-02 23:50:54.251,1.0990,-0.2533,0.2475,0.5198,0.4838,1.5978,1453
2026-02-02 23:50:54.251,1.8393,0.2193,0.2325,0.1095,0.4797,0.5476,7
2026-02-02 23:50:54.463,1.0990,-0.2533,0.2525,0.5213,0.4857,1.5979,1454
2026-02-02 23:50:54.463,1.8393,0.2193,0.2325,0.1095,0.4797,0.5476,7
2026-02-02 23:50:54.645,1.0990,-0.2558,0.2525,0.5239,0.4870,1.5979,1455
2026-02-02 23:50:54.645,1.8393,0.2193,0.2325,0.1095,0.4797,0.5476,7
2026-02-02 23:50:54.855,1.0990,-0.2558,0.2525,0.5258,0.4879,1.5980,1456
2026-02-02 23:50:54.855,1.8393,0.2193,0.2325,0.1095,0.4797,0.5476,7
2026-02-02 23:50:55.080,1.0990,-0.2558,0.2550,0.5270,0.4900,1.5980,1457
2026-02-02 23:50:55.081,1.8393,0.2193,0.2325,0.1095,0.4797,0.5476,7
2026-02-02 23:50:55.278,1.0990,-0.2583,0.2525,0.5264,0.4930,1.5980,1458
2026-02-02 23:50:55.278,1.8393,0.2193,0.2325,0.1095,0.4797,0.5476,7
2026-02-02 23:50:55.465,1.0990,-0.2583,0.2525,0.5260,0.4951,1.5980,1459
2026-02-02 23:50:55.466,1.8393,0.2193,0.2325,0.1095,0.4797,0.5476,7
2026-02-02 23:50:55.675,1.0990,-0.2558,0.2525,0.5272,0.4966,1.5980,1460
2026-02-02 23:50:55.675,1.8393,0.2193,0.2325,0.1095,0.4797,0.5476,7
2026-02-02 23:50:55.887,1.0990,-0.2633,0.2525,0.5325,0.4976,1.5980,1461
2026-02-02 23:50:55.888,1.8393,0.2193,0.2325,0.1095,0.4797,0.5476,7
2026-02-02 23:50:56.121,1.0990,-0.2808,0.2500,0.5258,0.4968,1.5980,1462
2026-02-02 23:50:56.121,1.8393,0.2193,0.2325,0.1095,0.4797,0.5476,7
2026-02-02 23:50:56.287,1.0990,-0.2683,0.2550,0.5135,0.4993,1.5980,1463
2026-02-02 23:50:56.288,1.8393,0.2193,0.2325,0.1095,0.4797,0.5476,7
2026-02-02 23:50:56.490,1.0990,-0.2683,0.2525,0.5050,0.4995,1.5980,1464
2026-02-02 23:50:56.490,1.8393,0.2193,0.2325,0.1095,0.4797,0.5476,7
2026-02-02 23:50:56.664,1.0990,-0.2658,0.2525,0.5005,0.4996,1.5980,1465
2026-02-02 23:50:56.665,1.8393,0.2193,0.2325,0.1095,0.4797,0.5476,7
2026-02-02 23:50:56.903,1.0990,-0.2408,0.2525,0.5033,0.4998,1.5980,1466
2026-02-02 23:50:56.904,1.8393,0.2193,0.2325,0.1095,0.4797,0.5476,7
2026-02-02 23:50:57.110,1.0990,-0.2633,0.2525,0.4918,0.4998,1.5980,1467
2026-02-02 23:50:57.111,1.8393,0.2193,0.2325,0.1095,0.4797,0.5476,7
2026-02-02 23:50:57.347,1.0990,-0.2508,0.2950,0.5003,0.5254,1.5980,1468
2026-02-02 23:50:57.347,1.8393,0.2193,0.2325,0.1095,0.4797,0.5476,7
2026-02-02 23:50:57.507,1.0990,-0.2533,0.2950,0.5077,0.5433,1.5980,1469
2026-02-02 23:50:57.507,1.8393,0.2193,0.2325,0.1095,0.4797,0.5476,7
2026-02-02 23:50:57.729,1.0990,-0.2633,0.2950,0.5189,0.5558,1.5980,1470
2026-02-02 23:50:57.729,1.8393,0.2193,0.2325,0.1095,0.4797,0.5476,7
2026-02-02 23:50:57.879,1.0990,-0.2633,0.2950,0.5267,0.5645,1.5980,1471
2026-02-02 23:50:57.879,1.8393,0.2193,0.2325,0.1095,0.4797,0.5476,7
2026-02-02 23:50:58.128,1.0990,-0.2583,0.2550,0.5262,0.5467,1.5980,1472
2026-02-02 23:50:58.128,1.8393,0.2193,0.2325,0.1095,0.4797,0.5476,7
2026-02-02 23:50:58.341,1.0990,-0.2658,0.2550,0.5303,0.5342,1.5980,1473
2026-02-02 23:50:58.341,1.8393,0.2193,0.2325,0.1095,0.4797,0.5476,7
2026-02-02 23:50:58.504,1.0990,-0.2633,0.2550,0.5347,0.5254,1.5980,1474
2026-02-02 23:50:58.504,1.8393,0.2193,0.2325,0.1095,0.4797,0.5476,7
2026-02-02 23:50:58.715,1.0986,-0.2658,0.2400,0.5363,0.5103,1.5978,1475
2026-02-02 23:50:58.715,1.8393,0.2193,0.2325,0.1095,0.4797,0.5476,7
2026-02-02 23:50:58.916,1.0986,-0.2658,0.2400,0.5374,0.4997,1.5976,1476
2026-02-02 23:50:58.917,1.8393,0.2193,0.2325,0.1095,0.4797,0.5476,7
2026-02-02 23:50:59.116,1.0986,-0.2658,0.2475,0.5382,0.4968,1.5975,1477
2026-02-02 23:50:59.117,1.8393,0.2193,0.2325,0.1095,0.4797,0.5476,7
2026-02-02 23:50:59.328,1.0987,-0.2726,0.2500,0.5297,0.4963,1.5974,1478
2026-02-02 23:50:59.328,1.8393,0.2193,0.2325,0.1095,0.4797,0.5476,7
2026-02-02 23:50:59.529,1.0987,-0.2751,0.2500,0.5253,0.4959,1.5974,1479
2026-02-02 23:50:59.530,1.8393,0.2193,0.2325,0.1095,0.4797,0.5476,7
2026-02-02 23:50:59.715,1.0987,-0.2776,0.2500,0.5207,0.4956,1.5973,1480
2026-02-02 23:50:59.715,1.8393,0.2193,0.2325,0.1095,0.4797,0.5476,7
2026-02-02 23:50:59.938,1.0987,-0.2790,0.2500,0.5175,0.4954,1.5973,1481
2026-02-02 23:50:59.938,1.8393,0.2193,0.2325,0.1095,0.4797,0.5476,7
2026-02-02 23:51:00.158,1.0950,-0.2490,0.2475,0.5093,0.4938,1.5951,1482
2026-02-02 23:51:00.159,1.8393,0.2193,0.2325,0.1095,0.4797,0.5476,7
2026-02-02 23:51:00.324,1.0950,-0.2515,0.2475,0.5020,0.4927,1.5936,1483
2026-02-02 23:51:00.324,1.8393,0.2193,0.2325,0.1095,0.4797,0.5476,7
2026-02-02 23:51:00.521,1.0990,-0.2515,0.2475,0.4969,0.4919,1.5949,1484
2026-02-02 23:51:00.522,1.8393,0.2193,0.2325,0.1095,0.4797,0.5476,7
2026-02-02 23:51:00.753,1.0990,-0.2490,0.2475,0.4948,0.4913,1.5959,1485
2026-02-02 23:51:00.754,1.8393,0.2193,0.2325,0.1095,0.4797,0.5476,7
2026-02-02 23:51:00.929,1.0990,-0.2490,0.2475,0.4934,0.4909,1.5965,1486
2026-02-02 23:51:00.929,1.8393,0.2193,0.2325,0.1095,0.4797,0.5476,7
2026-02-02 23:51:01.127,1.0950,-0.2515,0.2450,0.4909,0.4891,1.5946,1487
2026-02-02 23:51:01.128,1.8393,0.2193,0.2325,0.1095,0.4797,0.5476,7
2026-02-02 23:51:01.337,1.0950,-0.2515,0.2450,0.3542,0.4171,1.0564,1490
2026-02-02 23:51:01.338,1.8393,0.2193,0.2325,0.1095,0.4797,0.5476,7
2026-02-02 23:51:01.600,1.0950,-0.2515,0.2450,0.3073,0.3924,0.8718,1493
2026-02-02 23:51:01.786,1.0990,-0.2565,0.2500,0.2942,0.3869,0.8109,1496
2026-02-02 23:51:02.028,1.0990,-0.2565,0.2500,0.2897,0.3858,0.7900,1499
2026-02-02 23:51:02.179,1.0950,-0.2540,0.2400,0.3498,0.4126,1.0300,1500
2026-02-02 23:51:02.422,1.0950,-0.2615,0.2400,0.3964,0.4313,1.1980,1501
2026-02-02 23:51:02.582,1.0950,-0.2590,0.2400,0.4305,0.4444,1.3156,1502
2026-02-02 23:51:02.816,1.0950,-0.2590,0.2400,0.4543,0.4536,1.3979,1503
2026-02-02 23:51:02.991,1.0990,-0.2640,0.2950,0.4740,0.4930,1.4580,1504
2026-02-02 23:51:03.221,1.0991,-0.2613,0.2950,0.4833,0.5206,1.5000,1505
2026-02-02 23:51:03.383,1.0991,-0.2635,0.2950,0.4883,0.5399,1.5294,1506
2026-02-02 23:51:03.618,1.0991,-0.2646,0.2950,0.4903,0.5534,1.5500,1507
2026-02-02 23:51:03.815,1.0991,-0.2646,0.3000,0.4917,0.5599,1.5644,1508
2026-02-02 23:51:03.996,1.0991,-0.2646,0.3000,0.4927,0.5644,1.5745,1509
2026-02-02 23:51:04.233,1.0991,-0.2796,0.2575,0.4844,0.5421,1.5815,1510
2026-02-02 23:51:04.409,1.0991,-0.2796,0.2575,0.4816,0.5265,1.5865,1511
2026-02-02 23:51:04.645,1.0991,-0.2746,0.2575,0.4766,0.5155,1.5899,1512
2026-02-02 23:51:04.802,1.1047,-0.2696,0.2600,0.4701,0.5064,1.5890,1513
2026-02-02 23:51:05.059,1.1017,-0.2721,0.2600,0.4641,0.5000,1.5901,1514
2026-02-02 23:51:05.247,1.0974,-0.2796,0.2175,0.4554,0.4700,1.5883,1515
2026-02-02 23:51:05.472,1.0974,-0.2796,0.2175,0.4493,0.4490,1.5871,1516
2026-02-02 23:51:05.683,1.0974,-0.2796,0.2175,0.4450,0.4343,1.5863,1517
2026-02-02 23:51:05.837,1.1009,-0.2646,0.2825,0.4330,0.4630,1.5877,1518
2026-02-02 23:51:06.088,1.0974,-0.2646,0.2175,0.4246,0.4441,1.5867,1519
2026-02-02 23:51:06.292,1.0994,-0.2646,0.2175,0.4187,0.4309,1.5872,1520
2026-02-02 23:51:06.467,1.0994,-0.2646,0.2075,0.4146,0.4156,1.5875,1521
2026-02-02 23:51:06.713,1.0994,-0.2646,0.2075,0.4117,0.4049,1.5877,1522
2026-02-02 23:51:06.937,1.0994,-0.2646,0.2075,0.4097,0.3974,1.5879,1523
2026-02-02 23:51:07.108,1.0994,-0.2646,0.2100,0.4083,0.3937,1.5880,1524
2026-02-02 23:51:07.347,1.0968,-0.2646,0.2075,0.4073,0.3926,1.5896,1525
2026-02-02 23:51:07.513,1.0968,-0.2596,0.2075,0.4036,0.3918,1.5908,1526
2026-02-02 23:51:07.748,1.0968,-0.2596,0.1650,0.4010,0.3658,1.5916,1527
2026-02-02 23:51:07.904,1.0968,-0.2596,0.1650,0.3992,0.3475,1.5921,1528
2026-02-02 23:51:08.158,1.0968,-0.2596,0.1650,0.3980,0.3348,1.5925,1529
2026-02-02 23:51:08.314,1.0968,-0.2596,0.1650,0.3971,0.3258,1.5928,1530
2026-02-02 23:51:08.560,1.0968,-0.2596,0.1650,0.3964,0.3196,1.5930,1531
2026-02-02 23:51:08.739,1.0968,-0.2596,0.1525,0.3960,0.3077,1.5931,1532
2026-02-02 23:51:08.941,1.0968,-0.2621,0.1575,0.3972,0.3024,1.5932,1533
2026-02-02 23:51:09.171,1.0968,-0.2598,0.1550,0.3980,0.2972,1.5933,1534
2026-02-02 23:51:09.354,1.0968,-0.2598,0.1550,0.3986,0.2935,1.5934,1535
2026-02-02 23:51:09.593,1.0968,-0.2603,0.1575,0.3990,0.2925,1.5934,1536
2026-02-02 23:51:09.779,1.0968,-0.2528,0.1575,0.4038,0.2917,1.5934,1537
2026-02-02 23:51:09.989,1.0968,-0.2528,0.1575,0.4072,0.2912,1.5934,1538
2026-02-02 23:51:10.221,1.0968,-0.2528,0.1575,0.4095,0.2908,1.5935,1539
2026-02-02 23:51:10.421,1.0968,-0.2528,0.1550,0.4112,0.2891,1.5935,1540
2026-02-02 23:51:10.631,1.0968,-0.2522,0.1550,0.4123,0.2879,1.5935,1541
2026-02-02 23:51:10.826,1.0968,-0.2497,0.1550,0.4116,0.2870,1.5935,1542
2026-02-02 23:51:11.031,1.0968,-0.2475,0.1575,0.4111,0.2879,1.5935,1543
2026-02-02 23:51:11.221,1.0968,-0.2475,0.1575,0.4108,0.2885,1.5935,1544
2026-02-02 23:51:11.430,1.0968,-0.2475,0.1575,0.4106,0.2890,1.5935,1545
2026-02-02 23:51:11.633,1.0946,-0.2473,0.1575,0.4104,0.2893,1.5922,1546
2026-02-02 23:51:11.798,1.0946,-0.2498,0.1575,0.4088,0.2895,1.5913,1547
2026-02-02 23:51:12.061,1.0946,-0.2498,0.1575,0.4076,0.2896,1.5907,1548
2026-02-02 23:51:12.190,1.0946,-0.2498,0.1575,0.4068,0.2898,1.5903,1549
2026-02-02 23:51:12.404,1.0946,-0.2498,0.1575,0.4063,0.2898,1.5900,1550
2026-02-02 23:51:12.662,1.0946,-0.2498,0.1575,0.4059,0.2899,1.5897,1551
2026-02-02 23:51:12.877,1.0946,-0.2398,0.1575,0.4116,0.2899,1.5896,1552
2026-02-02 23:51:13.070,1.0946,-0.2398,0.1575,0.4186,0.2899,1.5895,1553
2026-02-02 23:51:13.295,1.0946,-0.2398,0.1575,0.4236,0.2900,1.5894,1554
2026-02-02 23:51:13.508,1.0946,-0.2398,0.1575,0.4270,0.2900,1.5894,1555
2026-02-02 23:51:13.705,1.0946,-0.2548,0.1525,0.4204,0.2870,1.5893,1556
2026-02-02 23:51:13.909,1.0946,-0.2548,0.1575,0.4158,0.2879,1.5893,1557
2026-02-02 23:51:14.112,1.0946,-0.2548,0.1575,0.4125,0.2885,1.5893,1558
2026-02-02 23:51:14.310,1.0946,-0.2548,0.1575,0.4103,0.2890,1.5893,1559
2026-02-02 23:51:14.514,1.0946,-0.2548,0.1575,0.4087,0.2893,1.5892,1560
2026-02-02 23:51:14.717,1.0968,-0.2523,0.1600,0.4061,0.2880,1.5879,1561
2026-02-02 23:51:14.963,1.0968,-0.2523,0.1600,0.4043,0.2871,1.5870,1562
2026-02-02 23:51:15.119,1.0834,-0.2523,0.1600,0.4030,0.2865,1.5784,1563
2026-02-02 23:51:15.322,1.0834,-0.2548,0.1625,0.4036,0.2875,1.5723,1564
2026-02-02 23:51:15.516,1.0834,-0.2548,0.1625,0.4040,0.2883,1.5681,1565
2026-02-02 23:51:15.516,1.8339,0.1752,0.4350,0.0974,0.3024,0.0816,3
2026-02-02 23:51:15.687,1.0824,-0.2548,0.1625,0.4043,0.2888,1.5645,1566
2026-02-02 23:51:15.688,1.8339,0.1777,0.4350,0.0982,0.3001,0.0816,4
2026-02-02 23:51:15.929,1.0824,-0.2548,0.1625,0.4045,0.2892,1.5620,1567
2026-02-02 23:51:15.929,1.8339,0.1827,0.4350,0.1018,0.2986,0.0816,5
2026-02-02 23:51:16.161,1.0803,-0.2548,0.1550,0.4047,0.2879,1.5615,1568
2026-02-02 23:51:16.162,1.8339,0.1802,0.4350,0.1057,0.2975,0.0816,6
2026-02-02 23:51:16.348,1.0803,-0.2548,0.1550,0.4048,0.2870,1.5612,1569
2026-02-02 23:51:16.348,1.8339,0.1802,0.4375,0.1085,0.2953,0.0816,7
2026-02-02 23:51:16.507,1.0803,-0.2548,0.1575,0.4048,0.2879,1.5610,1570
2026-02-02 23:51:16.507,1.8339,0.1802,0.4375,0.1105,0.2937,0.0816,8
2026-02-02 23:51:16.747,1.0803,-0.2548,0.1575,0.4049,0.2885,1.5608,1571
2026-02-02 23:51:16.747,1.8339,0.1802,0.4375,0.1105,0.2937,0.0816,8
2026-02-02 23:51:16.942,1.0803,-0.2516,0.1575,0.4109,0.2890,1.5607,1572
2026-02-02 23:51:16.943,1.8339,0.1802,0.4375,0.1105,0.2937,0.0816,8
2026-02-02 23:51:17.144,1.0946,-0.2480,0.1625,0.4211,0.2923,1.5692,1573
2026-02-02 23:51:17.144,1.8339,0.1802,0.4375,0.1105,0.2937,0.0816,8
2026-02-02 23:51:17.374,1.0946,-0.2499,0.1575,0.4298,0.2916,1.5751,1574
2026-02-02 23:51:17.374,1.8339,0.1802,0.4375,0.1105,0.2937,0.0816,8
2026-02-02 23:51:17.528,1.0946,-0.2499,0.1575,0.4359,0.2911,1.5793,1575
2026-02-02 23:51:17.528,1.8339,0.1802,0.4375,0.1105,0.2937,0.0816,8
2026-02-02 23:51:17.762,1.0946,-0.2499,0.1575,0.4401,0.2908,1.5822,1576
2026-02-02 23:51:17.762,1.8339,0.1802,0.4375,0.1105,0.2937,0.0816,8
2026-02-02 23:51:17.985,1.0954,-0.2424,0.1525,0.4386,0.2875,1.5848,1577
2026-02-02 23:51:17.985,1.8339,0.1802,0.4375,0.1105,0.2937,0.0816,8
2026-02-02 23:51:18.189,1.0954,-0.2449,0.1525,0.4390,0.2853,1.5866,1578
2026-02-02 23:51:18.190,1.8339,0.1802,0.4375,0.1105,0.2937,0.0816,8
2026-02-02 23:51:18.396,1.0954,-0.2449,0.1525,0.4393,0.2837,1.5878,1579
2026-02-02 23:51:18.396,1.8339,0.1802,0.4375,0.1105,0.2937,0.0816,8
2026-02-02 23:51:18.597,1.0954,-0.2449,0.1525,0.4395,0.2826,1.5887,1580
2026-02-02 23:51:18.597,1.8339,0.1802,0.4375,0.1105,0.2937,0.0816,8
2026-02-02 23:51:18.795,1.0954,-0.2424,0.1525,0.4382,0.2818,1.5893,1581
2026-02-02 23:51:18.796,1.8339,0.1802,0.4375,0.1105,0.2937,0.0816,8
2026-02-02 23:51:19.025,1.0954,-0.2449,0.1525,0.4387,0.2813,1.5897,1582
2026-02-02 23:51:19.025,1.8339,0.1802,0.4375,0.1105,0.2937,0.0816,8
2026-02-02 23:51:19.156,1.0954,-0.2449,0.1525,0.4391,0.2809,1.5900,1583
2026-02-02 23:51:19.156,1.8339,0.1802,0.4375,0.1105,0.2937,0.0816,8
2026-02-02 23:51:19.367,1.0954,-0.2524,0.1675,0.4349,0.2896,1.5903,1584
2026-02-02 23:51:19.367,1.8339,0.1802,0.4375,0.1105,0.2937,0.0816,8
2026-02-02 23:51:19.592,1.0954,-0.2524,0.1575,0.4319,0.2897,1.5904,1585
2026-02-02 23:51:19.592,1.8339,0.1802,0.4375,0.1105,0.2937,0.0816,8
2026-02-02 23:51:19.788,1.0954,-0.2524,0.1575,0.4298,0.2898,1.5905,1586
2026-02-02 23:51:19.788,1.8339,0.1802,0.4375,0.1105,0.2937,0.0816,8
2026-02-02 23:51:20.000,1.0954,-0.2524,0.1575,0.4284,0.2899,1.5906,1587
2026-02-02 23:51:20.000,1.8339,0.1802,0.4375,0.1105,0.2937,0.0816,8
2026-02-02 23:51:20.207,1.0954,-0.2574,0.1575,0.4304,0.2899,1.5906,1588
2026-02-02 23:51:20.207,1.8339,0.1802,0.4375,0.1105,0.2937,0.0816,8
2026-02-02 23:51:20.397,1.0954,-0.2574,0.1575,0.4318,0.2899,1.5907,1589
2026-02-02 23:51:20.397,1.8339,0.1802,0.4375,0.1105,0.2937,0.0816,8
2026-02-02 23:51:20.620,1.0954,-0.2624,0.1675,0.4357,0.2960,1.5907,1590
2026-02-02 23:51:20.621,1.8339,0.1802,0.4375,0.1105,0.2937,0.0816,8
2026-02-02 23:51:20.840,1.0984,-0.2615,0.1675,0.4385,0.3002,1.5925,1591
2026-02-02 23:51:20.841,1.8339,0.1802,0.4375,0.1105,0.2937,0.0816,8
2026-02-02 23:51:21.043,1.0984,-0.2615,0.1675,0.4405,0.3031,1.5938,1592
2026-02-02 23:51:21.043,1.8339,0.1802,0.4375,0.1105,0.2937,0.0816,8
2026-02-02 23:51:21.252,1.0984,-0.2590,0.1650,0.4403,0.3037,1.5947,1593
2026-02-02 23:51:21.253,1.8339,0.1802,0.4375,0.1105,0.2937,0.0816,8
2026-02-02 23:51:21.462,1.0984,-0.2615,0.1900,0.4417,0.3191,1.5953,1594
2026-02-02 23:51:21.462,1.8339,0.1802,0.4375,0.1105,0.2937,0.0816,8
2026-02-02 23:51:21.665,1.0984,-0.2615,0.1900,0.4427,0.3299,1.5957,1595
2026-02-02 23:51:21.666,1.8339,0.1802,0.4375,0.1105,0.2937,0.0816,8
2026-02-02 23:51:21.867,1.0984,-0.2615,0.1900,0.4434,0.3374,1.5960,1596
2026-02-02 23:51:21.867,1.8339,0.1802,0.4375,0.1105,0.2937,0.0816,8
2026-02-02 23:51:22.078,1.0984,-0.2615,0.1650,0.4439,0.3277,1.5963,1597
2026-02-02 23:51:22.078,1.8339,0.1802,0.4375,0.1105,0.2937,0.0816,8
2026-02-02 23:51:22.278,1.0984,-0.2615,0.1650,0.4442,0.3209,1.5964,1598
2026-02-02 23:51:22.279,1.8339,0.1802,0.4375,0.1105,0.2937,0.0816,8
2026-02-02 23:51:22.472,1.0984,-0.2615,0.1950,0.4444,0.3341,1.5965,1599
2026-02-02 23:51:22.472,1.8339,0.1802,0.4375,0.1105,0.2937,0.0816,8
2026-02-02 23:51:22.688,1.0984,-0.2615,0.1625,0.4446,0.3239,1.5966,1600
2026-02-02 23:51:22.689,1.8339,0.1802,0.4375,0.1105,0.2937,0.0816,8
2026-02-02 23:51:22.882,1.0984,-0.2640,0.1625,0.4462,0.3167,1.5966,1601
2026-02-02 23:51:22.883,1.8339,0.1802,0.4375,0.1105,0.2937,0.0816,8
2026-02-02 23:51:23.087,1.0984,-0.2640,0.1650,0.4474,0.3132,1.5967,1602
2026-02-02 23:51:23.087,1.8339,0.1802,0.4375,0.1105,0.2937,0.0816,8
2026-02-02 23:51:23.294,1.0984,-0.2540,0.1650,0.4422,0.3107,1.5967,1603
2026-02-02 23:51:23.294,1.8339,0.1802,0.4375,0.1105,0.2937,0.0816,8
2026-02-02 23:51:23.490,1.0984,-0.2515,0.1650,0.4400,0.3090,1.5967,1604
2026-02-02 23:51:23.490,1.8339,0.1802,0.4375,0.1105,0.2937,0.0816,8
2026-02-02 23:51:23.698,1.0984,-0.2490,0.1650,0.4370,0.3078,1.5967,1605
2026-02-02 23:51:23.699,1.8339,0.1802,0.4375,0.1105,0.2937,0.0816,8
2026-02-02 23:51:23.901,1.0984,-0.2490,0.1650,0.4349,0.3070,1.5967,1606
2026-02-02 23:51:23.901,1.8339,0.1802,0.4375,0.1105,0.2937,0.0816,8
2026-02-02 23:51:24.100,1.0984,-0.2365,0.1650,0.4409,0.3064,1.5968,1607
2026-02-02 23:51:24.100,1.8339,0.1802,0.4375,0.1105,0.2937,0.0816,8
2026-02-02 23:51:24.303,1.0984,-0.2365,0.1650,0.4452,0.3060,1.5968,1608
2026-02-02 23:51:24.304,1.8339,0.1802,0.4375,0.1105,0.2937,0.0816,8
2026-02-02 23:51:24.511,1.0984,-0.2365,0.1675,0.4481,0.3072,1.5968,1609
2026-02-02 23:51:24.511,1.8339,0.1802,0.4375,0.1105,0.2937,0.0816,8
2026-02-02 23:51:24.705,1.0987,-0.2565,0.1675,0.4352,0.3080,1.5966,1610
2026-02-02 23:51:24.706,1.8339,0.1802,0.4375,0.1105,0.2937,0.0816,8
2026-02-02 23:51:24.915,1.0862,-0.2565,0.1600,0.4261,0.3041,1.5889,1611
2026-02-02 23:51:24.915,1.8339,0.1802,0.4375,0.1105,0.2937,0.0816,8
2026-02-02 23:51:25.136,1.0862,-0.2540,0.1600,0.4183,0.3014,1.5836,1612
2026-02-02 23:51:25.136,1.8339,0.1802,0.4375,0.1105,0.2937,0.0816,8
2026-02-02 23:51:25.303,1.0862,-0.2565,0.1600,0.4113,0.2995,1.5798,1613
2026-02-02 23:51:25.303,1.8339,0.1802,0.4375,0.1105,0.2937,0.0816,8
2026-02-02 23:51:25.530,1.0987,-0.2565,0.1625,0.3038,0.2916,1.0590,1616
2026-02-02 23:51:25.531,1.8339,0.1802,0.4375,0.1105,0.2937,0.0816,8
2026-02-02 23:51:25.688,1.0862,-0.2540,0.1600,0.2639,0.2864,0.8728,1619
2026-02-02 23:51:25.689,1.8339,0.1802,0.4375,0.1105,0.2937,0.0816,8
2026-02-02 23:51:25.915,1.0862,-0.2540,0.1600,0.2503,0.2846,0.8090,1622
2026-02-02 23:51:25.915,1.8339,0.1802,0.4375,0.1105,0.2937,0.0816,8
2026-02-02 23:51:26.141,1.0859,-0.2540,0.1600,0.2477,0.2871,0.7860,1625
2026-02-02 23:51:26.141,1.8339,0.1802,0.4375,0.1105,0.2937,0.0816,8
2026-02-02 23:51:26.320,1.0793,-0.2576,0.1600,0.2458,0.2863,0.7742,1628
2026-02-02 23:51:26.321,1.8339,0.1802,0.4375,0.1105,0.2937,0.0816,8
2026-02-02 23:51:26.546,1.0791,-0.2576,0.1625,0.2578,0.2912,0.8663,1630
2026-02-02 23:51:26.546,1.8339,0.1802,0.4375,0.1105,0.2937,0.0816,8
2026-02-02 23:51:26.752,1.0791,-0.2576,0.1625,0.2494,0.2913,0.8027,1633
2026-02-02 23:51:26.753,1.8339,0.1802,0.4375,0.1105,0.2937,0.0816,8
2026-02-02 23:51:26.931,1.0791,-0.2577,0.1600,0.2482,0.2906,0.7819,1636
2026-02-02 23:51:26.932,1.8339,0.1802,0.4375,0.1105,0.2937,0.0816,8
2026-02-02 23:51:27.111,1.0791,-0.2577,0.1625,0.2478,0.2908,0.7744,1639
2026-02-02 23:51:27.111,1.8339,0.1802,0.4375,0.1105,0.2937,0.0816,8
2026-02-02 23:51:27.305,1.0856,-0.2552,0.1625,0.2503,0.2909,0.7758,1642
2026-02-02 23:51:27.305,1.8339,0.1802,0.4375,0.1105,0.2937,0.0816,8
2026-02-02 23:51:27.596,1.0856,-0.2602,0.1600,0.2526,0.2894,0.7762,1645
2026-02-02 23:51:27.597,1.8339,0.1802,0.4375,0.1105,0.2937,0.0816,8
2026-02-02 23:51:27.748,1.0862,-0.2602,0.1625,0.2534,0.2863,0.7761,1648
2026-02-02 23:51:27.748,1.8339,0.1802,0.4375,0.1105,0.2937,0.0816,8
2026-02-02 23:51:27.899,1.0855,-0.2602,0.1600,0.2537,0.2857,0.7764,1651
2026-02-02 23:51:27.899,1.8339,0.1802,0.4375,0.1105,0.2937,0.0816,8
2026-02-02 23:51:28.108,1.0855,-0.2502,0.1600,0.2478,0.2855,0.7765,1654
2026-02-02 23:51:28.108,1.8339,0.1802,0.4375,0.1105,0.2937,0.0816,8
2026-02-02 23:51:28.354,1.0855,-0.2627,0.1600,0.2533,0.2854,0.7765,1657
2026-02-02 23:51:28.354,1.8339,0.1802,0.4375,0.1105,0.2937,0.0816,8
2026-02-02 23:51:28.553,1.0909,-0.2477,0.1600,0.2765,0.2903,0.8760,1659
2026-02-02 23:51:28.553,1.8339,0.1802,0.4375,0.1105,0.2937,0.0816,8
2026-02-02 23:51:28.773,1.0909,-0.2477,0.1600,0.2879,0.2927,0.9248,1661
2026-02-02 23:51:28.774,1.8339,0.1802,0.4375,0.1105,0.2937,0.0816,8
2026-02-02 23:51:29.002,1.0909,-0.2489,0.1600,0.3335,0.2934,1.1219,1662
2026-02-02 23:51:29.194,1.0909,-0.2482,0.1600,0.3655,0.2939,1.2599,1663
2026-02-02 23:51:29.410,1.0909,-0.2474,0.1625,0.3878,0.2957,1.3565,1664
2026-02-02 23:51:29.597,1.0909,-0.2474,0.1625,0.4035,0.2970,1.4241,1665
2026-02-02 23:51:29.818,1.0909,-0.2504,0.1700,0.4144,0.3024,1.4714,1666
2026-02-02 23:51:29.996,1.0909,-0.2504,0.1700,0.4221,0.3062,1.5045,1667
2026-02-02 23:51:30.192,1.0909,-0.2504,0.1700,0.4275,0.3088,1.5277,1668
2026-02-02 23:51:30.419,1.0909,-0.2504,0.2425,0.4312,0.3542,1.5440,1669
2026-02-02 23:51:30.594,1.0909,-0.2504,0.2425,0.4339,0.3859,1.5553,1670
2026-02-02 23:51:30.812,1.0920,-0.2529,0.2450,0.4402,0.4066,1.5626,1671
2026-02-02 23:51:31.068,1.0920,-0.2504,0.3050,0.4431,0.4572,1.5677,1672
2026-02-02 23:51:31.222,1.0920,-0.2529,0.3050,0.4467,0.4925,1.5713,1673
2026-02-02 23:51:31.443,1.0980,-0.2504,0.3050,0.4507,0.5173,1.5773,1674
2026-02-02 23:51:31.644,1.0971,-0.2504,0.2250,0.4535,0.4866,1.5821,1675
2026-02-02 23:51:31.804,1.0971,-0.2504,0.2250,0.4554,0.4651,1.5854,1676
2026-02-02 23:51:32.038,1.0971,-0.2504,0.2250,0.4568,0.4501,1.5877,1677
2026-02-02 23:51:32.247,1.0971,-0.2504,0.2250,0.4578,0.4396,1.5894,1678
2026-02-02 23:51:32.449,1.0971,-0.2504,0.2250,0.4584,0.4322,1.5905,1679
2026-02-02 23:51:32.652,1.0971,-0.2504,0.2250,0.4589,0.4270,1.5913,1680
2026-02-02 23:51:32.852,1.0971,-0.2504,0.2250,0.4592,0.4234,1.5918,1681
2026-02-02 23:51:33.050,1.0971,-0.2504,0.2375,0.4595,0.4284,1.5922,1682
2026-02-02 23:51:33.255,1.0952,-0.2529,0.2250,0.4581,0.4244,1.5913,1683
2026-02-02 23:51:33.467,1.0952,-0.2504,0.2250,0.4557,0.4216,1.5907,1684
2026-02-02 23:51:33.659,1.0971,-0.2454,0.2250,0.4570,0.4196,1.5914,1685
2026-02-02 23:51:33.918,1.0971,-0.2454,0.2250,0.4579,0.4182,1.5920,1686
2026-02-02 23:51:34.088,1.0971,-0.2404,0.2225,0.4615,0.4158,1.5923,1687
2026-02-02 23:51:34.280,1.0971,-0.2404,0.2225,0.4641,0.4140,1.5926,1688
2026-02-02 23:51:34.510,1.0971,-0.2404,0.2250,0.4658,0.4143,1.5927,1689
2026-02-02 23:51:34.678,1.0971,-0.2404,0.2250,0.4671,0.4145,1.5929,1690
2026-02-02 23:51:34.926,1.0969,-0.2504,0.2250,0.4650,0.4177,1.5931,1691
2026-02-02 23:51:35.088,1.0969,-0.2629,0.2250,0.4740,0.4199,1.5933,1692
2026-02-02 23:51:35.333,1.0972,-0.2643,0.2425,0.4803,0.4349,1.5936,1693
2026-02-02 23:51:35.553,1.0969,-0.2661,0.2425,0.4877,0.4454,1.5936,1694
2026-02-02 23:51:35.704,1.0969,-0.2661,0.2425,0.4929,0.4528,1.5936,1695
2026-02-02 23:51:35.921,1.0969,-0.2736,0.2425,0.5010,0.4580,1.5937,1696
2026-02-02 23:51:36.088,1.0969,-0.2736,0.2500,0.5067,0.4661,1.5937,1697
2026-02-02 23:51:36.298,1.0985,-0.2632,0.2425,0.5047,0.4673,1.5947,1698
2026-02-02 23:51:36.503,1.0985,-0.2632,0.2425,0.5033,0.4681,1.5954,1699
2026-02-02 23:51:36.735,1.0985,-0.2632,0.2975,0.5023,0.5047,1.5959,1700
